,data_type,stream_size,zfp_rate,cache_size,is_zfp,Function,Best Rate MB/s,Avg time,Min time,Max time
0,float,1048576,4,0,False,Copy,18401.9,0.000459,0.000456,0.000469
1,float,1048576,4,0,False,Scale,15589.0,0.000544,0.000538,0.000565
2,float,1048576,4,0,False,Add,27051.0,0.000474,0.000465,0.000511
3,float,1048576,4,0,False,Triad,27009.5,0.000472,0.000466,0.000494
4,float,1048576,4,0,True,Copy,81.5,0.10562,0.102923,0.1085
5,float,1048576,4,0,True,Scale,81.0,0.105678,0.103622,0.107979
6,float,1048576,4,0,True,Add,97.3,0.134937,0.12935,0.138666
7,float,1048576,4,0,True,Triad,96.6,0.135267,0.130244,0.138247
8,float,1048576,8,0,False,Copy,18353.9,0.000464,0.000457,0.000473
9,float,1048576,8,0,False,Scale,15425.0,0.000558,0.000544,0.000582
10,float,1048576,8,0,False,Add,27120.5,0.000465,0.000464,0.000468
11,float,1048576,8,0,False,Triad,27120.5,0.000469,0.000464,0.00048
12,float,1048576,8,0,True,Copy,81.8,0.105528,0.1025,0.107941
13,float,1048576,8,0,True,Scale,81.0,0.105429,0.103531,0.107377
14,float,1048576,8,0,True,Add,96.9,0.135367,0.129898,0.139063
15,float,1048576,8,0,True,Triad,96.6,0.136022,0.13032,0.139033
16,float,1048576,16,0,False,Copy,18518.1,0.000461,0.000453,0.000476
17,float,1048576,16,0,False,Scale,15506.6,0.000552,0.000541,0.000565
18,float,1048576,16,0,False,Add,27120.5,0.000468,0.000464,0.000481
19,float,1048576,16,0,False,Triad,26995.7,0.000475,0.000466,0.000485
20,float,1048576,16,0,True,Copy,81.8,0.105612,0.102528,0.108175
21,float,1048576,16,0,True,Scale,80.7,0.105831,0.103995,0.107931
22,float,1048576,16,0,True,Add,96.9,0.135175,0.129814,0.138307
23,float,1048576,16,0,True,Triad,96.8,0.135478,0.130018,0.138642
24,float,1048576,32,0,False,Copy,18043.3,0.000472,0.000465,0.000484
25,float,1048576,32,0,False,Scale,15364.4,0.00055,0.000546,0.000565
26,float,1048576,32,0,False,Add,26494.3,0.000481,0.000475,0.000493
27,float,1048576,32,0,False,Triad,26547.6,0.000476,0.000474,0.000487
28,float,1048576,32,0,True,Copy,73.3,0.117181,0.114398,0.120116
29,float,1048576,32,0,True,Scale,72.3,0.11796,0.116004,0.121883
30,float,1048576,32,0,True,Add,87.4,0.149955,0.143968,0.152844
31,float,1048576,32,0,True,Triad,86.2,0.150892,0.146024,0.15356
32,float,1048576,64,0,False,Copy,18117.6,0.000472,0.000463,0.000489
33,float,1048576,64,0,False,Scale,15146.1,0.000567,0.000554,0.000584
34,float,1048576,64,0,False,Add,26995.7,0.000472,0.000466,0.00048
35,float,1048576,64,0,False,Triad,26885.7,0.000484,0.000468,0.000505
36,float,1048576,64,0,True,Copy,73.1,0.117648,0.114753,0.120512
37,float,1048576,64,0,True,Scale,72.4,0.118459,0.115925,0.121746
38,float,1048576,64,0,True,Add,86.4,0.150478,0.14557,0.153322
39,float,1048576,64,0,True,Triad,86.3,0.151023,0.14572,0.154129
40,float,1048576,128,0,False,Copy,18117.6,0.00048,0.000463,0.000509
41,float,1048576,128,0,False,Scale,15479.3,0.00055,0.000542,0.000567
42,float,1048576,128,0,False,Add,26885.7,0.000483,0.000468,0.000498
43,float,1048576,128,0,False,Triad,27064.9,0.000474,0.000465,0.000501
44,float,1048576,128,0,True,Copy,72.7,0.118166,0.115444,0.120352
45,float,1048576,128,0,True,Scale,71.8,0.119142,0.116762,0.122411
46,float,1048576,128,0,True,Add,86.6,0.150996,0.145296,0.15358
47,float,1048576,128,0,True,Triad,85.9,0.151942,0.146515,0.154831
48,float,1048576,256,0,False,Copy,17923.8,0.000483,0.000468,0.000498
49,float,1048576,256,0,False,Scale,14927.6,0.000567,0.000562,0.000576
50,float,1048576,256,0,False,Add,26831.0,0.000487,0.000469,0.00052
51,float,1048576,256,0,False,Triad,26954.3,0.000471,0.000467,0.00048
52,float,1048576,256,0,True,Copy,71.2,0.121412,0.11788,0.129177
53,float,1048576,256,0,True,Scale,70.8,0.121934,0.118446,0.126707
54,float,1048576,256,0,True,Add,85.0,0.154985,0.148062,0.162597
55,float,1048576,256,0,True,Triad,84.2,0.15602,0.149479,0.161413
56,float,1048576,512,0,False,Copy,17960.4,0.000478,0.000467,0.00049
57,float,1048576,512,0,False,Scale,14978.4,0.000572,0.00056,0.000587
58,float,1048576,512,0,False,Add,26940.6,0.000479,0.000467,0.000503
59,float,1048576,512,0,False,Triad,26776.5,0.000477,0.00047,0.000492
60,float,1048576,512,0,True,Copy,55.3,0.155578,0.151609,0.160043
61,float,1048576,512,0,True,Scale,53.8,0.158567,0.155988,0.161836
62,float,1048576,512,0,True,Add,62.4,0.207371,0.201702,0.211815
63,float,1048576,512,0,True,Triad,62.2,0.209094,0.202238,0.213829
64,float,4194304,4,0,False,Copy,13769.4,0.002478,0.002437,0.002507
65,float,4194304,4,0,False,Scale,13195.0,0.002574,0.002543,0.002645
66,float,4194304,4,0,False,Add,16362.3,0.003108,0.003076,0.00316
67,float,4194304,4,0,False,Triad,16918.3,0.002993,0.002975,0.003043
68,float,4194304,4,0,True,Copy,82.2,0.420917,0.40826,0.4301
69,float,4194304,4,0,True,Scale,81.2,0.420925,0.413467,0.429698
70,float,4194304,4,0,True,Add,97.6,0.538187,0.515813,0.550835
71,float,4194304,4,0,True,Triad,97.3,0.538912,0.517042,0.552955
72,float,4194304,8,0,False,Copy,13362.8,0.002535,0.002511,0.00258
73,float,4194304,8,0,False,Scale,13524.6,0.002509,0.002481,0.002554
74,float,4194304,8,0,False,Add,16595.1,0.003051,0.003033,0.003105
75,float,4194304,8,0,False,Triad,16991.8,0.002979,0.002962,0.00301
76,float,4194304,8,0,True,Copy,81.5,0.422396,0.411607,0.431599
77,float,4194304,8,0,True,Scale,80.5,0.423698,0.416676,0.431
78,float,4194304,8,0,True,Add,97.2,0.541436,0.517797,0.552715
79,float,4194304,8,0,True,Triad,96.8,0.542829,0.519899,0.560314
80,float,4194304,16,0,False,Copy,13912.4,0.002473,0.002412,0.002524
81,float,4194304,16,0,False,Scale,13454.8,0.002515,0.002494,0.00255
82,float,4194304,16,0,False,Add,16896.6,0.003011,0.002979,0.00305
83,float,4194304,16,0,False,Triad,17160.3,0.002958,0.002933,0.00301
84,float,4194304,16,0,True,Copy,81.7,0.422777,0.410608,0.431046
85,float,4194304,16,0,True,Scale,80.8,0.423086,0.41515,0.431386
86,float,4194304,16,0,True,Add,97.2,0.541319,0.517906,0.554544
87,float,4194304,16,0,True,Triad,96.9,0.541017,0.519199,0.554621
88,float,4194304,32,0,False,Copy,13055.4,0.002592,0.00257,0.002623
89,float,4194304,32,0,False,Scale,13778.9,0.002453,0.002435,0.002488
90,float,4194304,32,0,False,Add,16593.8,0.003045,0.003033,0.003086
91,float,4194304,32,0,False,Triad,17172.9,0.002942,0.002931,0.002976
92,float,4194304,32,0,True,Copy,73.3,0.468888,0.458025,0.478065
93,float,4194304,32,0,True,Scale,72.5,0.472632,0.463086,0.486339
94,float,4194304,32,0,True,Add,87.1,0.600994,0.578092,0.612939
95,float,4194304,32,0,True,Triad,86.5,0.604341,0.582195,0.616022
96,float,4194304,64,0,False,Copy,13347.6,0.002558,0.002514,0.002598
97,float,4194304,64,0,False,Scale,13087.0,0.002587,0.002564,0.00264
98,float,4194304,64,0,False,Add,16235.2,0.003118,0.0031,0.003143
99,float,4194304,64,0,False,Triad,16777.1,0.003009,0.003,0.003015
100,float,4194304,64,0,True,Copy,73.2,0.471294,0.458689,0.48212
101,float,4194304,64,0,True,Scale,72.2,0.47403,0.464999,0.486973
102,float,4194304,64,0,True,Add,86.6,0.603989,0.581022,0.618098
103,float,4194304,64,0,True,Triad,86.3,0.606189,0.583256,0.621008
104,float,4194304,128,0,False,Copy,13889.0,0.00249,0.002416,0.002537
105,float,4194304,128,0,False,Scale,13091.9,0.002585,0.002563,0.002653
106,float,4194304,128,0,False,Add,16277.8,0.003124,0.003092,0.003183
107,float,4194304,128,0,False,Triad,16799.8,0.003016,0.002996,0.00305
108,float,4194304,128,0,True,Copy,72.7,0.472559,0.461265,0.482372
109,float,4194304,128,0,True,Scale,71.9,0.476264,0.466384,0.489619
110,float,4194304,128,0,True,Add,86.3,0.60461,0.583367,0.616298
111,float,4194304,128,0,True,Triad,85.8,0.608172,0.586304,0.61945
112,float,4194304,256,0,False,Copy,13389.5,0.002553,0.002506,0.002592
113,float,4194304,256,0,False,Scale,12845.7,0.00264,0.002612,0.002717
114,float,4194304,256,0,False,Add,15757.7,0.003244,0.003194,0.003279
115,float,4194304,256,0,False,Triad,16080.6,0.003172,0.00313,0.003204
116,float,4194304,256,0,True,Copy,70.8,0.48657,0.474048,0.496902
117,float,4194304,256,0,True,Scale,70.2,0.488027,0.47779,0.502117
118,float,4194304,256,0,True,Add,83.7,0.623601,0.60158,0.634314
119,float,4194304,256,0,True,Triad,83.6,0.626512,0.601773,0.637323
120,float,4194304,512,0,False,Copy,13178.9,0.002596,0.002546,0.002648
121,float,4194304,512,0,False,Scale,13021.6,0.002616,0.002577,0.002675
122,float,4194304,512,0,False,Add,15978.4,0.003189,0.00315,0.003239
123,float,4194304,512,0,False,Triad,16282.8,0.003123,0.003091,0.003157
124,float,4194304,512,0,True,Copy,52.8,0.651395,0.635998,0.662017
125,float,4194304,512,0,True,Scale,52.3,0.652941,0.641499,0.666742
126,float,4194304,512,0,True,Add,60.2,0.8563,0.836187,0.866421
127,float,4194304,512,0,True,Triad,60.1,0.859976,0.837068,0.871158
128,float,8388608,4,0,False,Copy,12014.0,0.005668,0.005586,0.005738
129,float,8388608,4,0,False,Scale,11491.1,0.005903,0.00584,0.006103
130,float,8388608,4,0,False,Add,13636.0,0.007438,0.007382,0.007556
131,float,8388608,4,0,False,Triad,13774.4,0.007357,0.007308,0.007463
132,float,8388608,4,0,True,Copy,81.8,0.845444,0.820456,0.861827
133,float,8388608,4,0,True,Scale,80.8,0.846069,0.830384,0.861896
134,float,8388608,4,0,True,Add,97.2,1.082068,1.035114,1.106573
135,float,8388608,4,0,True,Triad,96.8,1.083597,1.039538,1.109572
136,float,8388608,8,0,False,Copy,12184.0,0.005559,0.005508,0.005642
137,float,8388608,8,0,False,Scale,11890.6,0.005692,0.005644,0.005748
138,float,8388608,8,0,False,Add,13975.5,0.007232,0.007203,0.007286
139,float,8388608,8,0,False,Triad,14070.9,0.007185,0.007154,0.007289
140,float,8388608,8,0,True,Copy,81.7,0.845524,0.821434,0.862714
141,float,8388608,8,0,True,Scale,80.9,0.844913,0.829666,0.861363
142,float,8388608,8,0,True,Add,97.4,1.081589,1.033579,1.107218
143,float,8388608,8,0,True,Triad,96.8,1.082886,1.039649,1.107373
144,float,8388608,16,0,False,Copy,12304.4,0.005568,0.005454,0.005678
145,float,8388608,16,0,False,Scale,12186.1,0.005543,0.005507,0.005575
146,float,8388608,16,0,False,Add,14175.8,0.007151,0.007101,0.007198
147,float,8388608,16,0,False,Triad,14305.0,0.007093,0.007037,0.007147
148,float,8388608,16,0,True,Copy,81.7,0.844819,0.821417,0.86263
149,float,8388608,16,0,True,Scale,80.8,0.845153,0.830373,0.862399
150,float,8388608,16,0,True,Add,97.2,1.080802,1.035374,1.106853
151,float,8388608,16,0,True,Triad,96.9,1.082051,1.038503,1.106701
152,float,8388608,32,0,False,Copy,12046.3,0.005683,0.005571,0.005812
153,float,8388608,32,0,False,Scale,11814.8,0.00573,0.00568,0.00583
154,float,8388608,32,0,False,Add,13789.7,0.007344,0.0073,0.00739
155,float,8388608,32,0,False,Triad,13969.4,0.007232,0.007206,0.007278
156,float,8388608,32,0,True,Copy,73.5,0.937077,0.912974,0.957025
157,float,8388608,32,0,True,Scale,72.5,0.945531,0.926253,0.974005
158,float,8388608,32,0,True,Add,87.0,1.200253,1.156511,1.220941
159,float,8388608,32,0,True,Triad,86.3,1.207872,1.165881,1.226519
160,float,8388608,64,0,False,Copy,12046.3,0.005679,0.005571,0.005852
161,float,8388608,64,0,False,Scale,11683.3,0.005841,0.005744,0.005923
162,float,8388608,64,0,False,Add,13667.8,0.007394,0.007365,0.007432
163,float,8388608,64,0,False,Triad,13834.9,0.007313,0.007276,0.007356
164,float,8388608,64,0,True,Copy,72.9,0.944573,0.920656,0.964225
165,float,8388608,64,0,True,Scale,72.0,0.950576,0.932552,0.977669
166,float,8388608,64,0,True,Add,86.3,1.211378,1.165941,1.233429
167,float,8388608,64,0,True,Triad,86.0,1.213628,1.171006,1.235192
168,float,8388608,128,0,False,Copy,12061.3,0.005688,0.005564,0.005808
169,float,8388608,128,0,False,Scale,11827.7,0.005712,0.005674,0.00578
170,float,8388608,128,0,False,Add,13785.6,0.007367,0.007302,0.007574
171,float,8388608,128,0,False,Triad,13939.9,0.007274,0.007221,0.007352
172,float,8388608,128,0,True,Copy,72.8,0.945607,0.921561,0.965347
173,float,8388608,128,0,True,Scale,71.9,0.952121,0.934008,0.980833
174,float,8388608,128,0,True,Add,86.2,1.21316,1.168361,1.235524
175,float,8388608,128,0,True,Triad,85.7,1.217291,1.174776,1.237776
176,float,8388608,256,0,False,Copy,11877.6,0.005796,0.00565,0.006129
177,float,8388608,256,0,False,Scale,11584.8,0.00586,0.005793,0.00591
178,float,8388608,256,0,False,Add,13477.6,0.00753,0.007469,0.007741
179,float,8388608,256,0,False,Triad,13723.8,0.007419,0.007335,0.007688
180,float,8388608,256,0,True,Copy,70.9,0.96949,0.946596,0.987417
181,float,8388608,256,0,True,Scale,70.0,0.976208,0.959079,1.001201
182,float,8388608,256,0,True,Add,83.4,1.252392,1.206811,1.28855
183,float,8388608,256,0,True,Triad,82.6,1.257997,1.218797,1.278786
184,float,8388608,512,0,False,Copy,11903.2,0.005709,0.005638,0.005781
185,float,8388608,512,0,False,Scale,11622.6,0.005809,0.005774,0.005867
186,float,8388608,512,0,False,Add,13569.9,0.007437,0.007418,0.007464
187,float,8388608,512,0,False,Triad,13664.3,0.007387,0.007367,0.007459
188,float,8388608,512,0,True,Copy,52.9,1.29833,1.269332,1.318712
189,float,8388608,512,0,True,Scale,52.3,1.305036,1.28262,1.334517
190,float,8388608,512,0,True,Add,60.5,1.704247,1.664264,1.72537
191,float,8388608,512,0,True,Triad,60.5,1.710189,1.664916,1.728843
192,float,16777216,4,0,False,Copy,11402.4,0.011949,0.011771,0.012062
193,float,16777216,4,0,False,Scale,11558.6,0.011707,0.011612,0.011849
194,float,16777216,4,0,False,Add,12910.5,0.015772,0.015594,0.016026
195,float,16777216,4,0,False,Triad,12952.9,0.015647,0.015543,0.015752
196,float,16777216,4,0,True,Copy,81.7,1.695009,1.642588,1.746516
197,float,16777216,4,0,True,Scale,80.7,1.69328,1.664156,1.729422
198,float,16777216,4,0,True,Add,97.2,2.163895,2.07219,2.216126
199,float,16777216,4,0,True,Triad,96.9,2.166297,2.078582,2.219835
200,float,16777216,8,0,False,Copy,11403.4,0.011915,0.01177,0.011988
201,float,16777216,8,0,False,Scale,11576.4,0.011661,0.011594,0.011738
202,float,16777216,8,0,False,Add,12907.2,0.015646,0.015598,0.015748
203,float,16777216,8,0,False,Triad,12919.8,0.01562,0.015583,0.015679
204,float,16777216,8,0,True,Copy,81.9,1.6894,1.639086,1.725283
205,float,16777216,8,0,True,Scale,80.8,1.690116,1.660251,1.720625
206,float,16777216,8,0,True,Add,97.3,2.162586,2.068644,2.233388
207,float,16777216,8,0,True,Triad,97.0,2.163972,2.075105,2.214973
208,float,16777216,16,0,False,Copy,11560.5,0.011791,0.01161,0.012215
209,float,16777216,16,0,False,Scale,11785.1,0.011462,0.011389,0.011626
210,float,16777216,16,0,False,Add,13175.8,0.015349,0.01528,0.015518
211,float,16777216,16,0,False,Triad,13227.8,0.015283,0.01522,0.015453
212,float,16777216,16,0,True,Copy,81.8,1.690187,1.641565,1.72661
213,float,16777216,16,0,True,Scale,80.8,1.690366,1.660284,1.722898
214,float,16777216,16,0,True,Add,97.3,2.160523,2.068954,2.212246
215,float,16777216,16,0,True,Triad,97.0,2.165566,2.076576,2.215267
216,float,16777216,32,0,False,Copy,11398.7,0.01196,0.011775,0.012177
217,float,16777216,32,0,False,Scale,11473.6,0.011755,0.011698,0.011791
218,float,16777216,32,0,False,Add,12846.3,0.015731,0.015672,0.015816
219,float,16777216,32,0,False,Triad,12909.7,0.015662,0.015595,0.015728
220,float,16777216,32,0,True,Copy,73.4,1.87384,1.829413,1.915006
221,float,16777216,32,0,True,Scale,72.5,1.88947,1.852412,1.94767
222,float,16777216,32,0,True,Add,87.2,2.399296,2.30827,2.443861
223,float,16777216,32,0,True,Triad,86.2,2.415313,2.335775,2.45816
224,float,16777216,64,0,False,Copy,11310.1,0.011996,0.011867,0.012149
225,float,16777216,64,0,False,Scale,11384.9,0.011814,0.011789,0.011853
226,float,16777216,64,0,False,Add,12820.9,0.01575,0.015703,0.015808
227,float,16777216,64,0,False,Triad,12842.2,0.015715,0.015677,0.015799
228,float,16777216,64,0,True,Copy,73.1,1.88402,1.837334,1.922088
229,float,16777216,64,0,True,Scale,72.2,1.894408,1.858411,1.948935
230,float,16777216,64,0,True,Add,86.8,2.409286,2.319719,2.453921
231,float,16777216,64,0,True,Triad,86.3,2.419444,2.333689,2.463237
232,float,16777216,128,0,False,Copy,11357.1,0.011947,0.011818,0.012141
233,float,16777216,128,0,False,Scale,11608.4,0.011614,0.011562,0.011666
234,float,16777216,128,0,False,Add,12760.1,0.015818,0.015778,0.015849
235,float,16777216,128,0,False,Triad,12906.4,0.015661,0.015599,0.015829
236,float,16777216,128,0,True,Copy,72.6,1.894258,1.849954,1.93243
237,float,16777216,128,0,True,Scale,71.6,1.908552,1.873479,1.96277
238,float,16777216,128,0,True,Add,86.1,2.429804,2.337188,2.470781
239,float,16777216,128,0,True,Triad,85.5,2.43667,2.353733,2.477533
240,float,16777216,256,0,False,Copy,11418.9,0.011929,0.011754,0.012172
241,float,16777216,256,0,False,Scale,11356.2,0.011875,0.011819,0.011974
242,float,16777216,256,0,False,Add,12669.2,0.015933,0.015891,0.016011
243,float,16777216,256,0,False,Triad,12773.8,0.015825,0.015761,0.015871
244,float,16777216,256,0,True,Copy,70.3,1.94983,1.910436,1.99614
245,float,16777216,256,0,True,Scale,69.7,1.960556,1.927005,2.010874
246,float,16777216,256,0,True,Add,83.4,2.504267,2.415283,2.548569
247,float,16777216,256,0,True,Triad,80.9,2.532897,2.487492,2.576479
248,float,16777216,512,0,False,Copy,11264.6,0.012067,0.011915,0.012285
249,float,16777216,512,0,False,Scale,11297.9,0.011924,0.01188,0.012003
250,float,16777216,512,0,False,Add,12595.5,0.016025,0.015984,0.016115
251,float,16777216,512,0,False,Triad,12635.0,0.015965,0.015934,0.016023
252,float,16777216,512,0,True,Copy,53.5,2.572039,2.506503,2.613913
253,float,16777216,512,0,True,Scale,52.5,2.596994,2.554911,2.659714
254,float,16777216,512,0,True,Add,60.7,3.400051,3.315113,3.445996
255,float,16777216,512,0,True,Triad,60.3,3.41776,3.336294,3.463735
256,float,33554432,4,0,False,Copy,11094.1,0.0244,0.024196,0.024663
257,float,33554432,4,0,False,Scale,11549.1,0.023297,0.023243,0.023386
258,float,33554432,4,0,False,Add,12589.9,0.032067,0.031982,0.032266
259,float,33554432,4,0,False,Triad,12524.2,0.032249,0.03215,0.032405
260,float,33554432,4,0,True,Copy,81.8,3.379839,3.281451,3.448596
261,float,33554432,4,0,True,Scale,80.8,3.380786,3.3207,3.441773
262,float,33554432,4,0,True,Add,97.2,4.325628,4.14057,4.439854
263,float,33554432,4,0,True,Triad,97.0,4.329035,4.149151,4.438162
264,float,33554432,8,0,False,Copy,10925.8,0.0249,0.024569,0.025195
265,float,33554432,8,0,False,Scale,11361.4,0.023727,0.023627,0.02383
266,float,33554432,8,0,False,Add,12302.6,0.03286,0.032729,0.033019
267,float,33554432,8,0,False,Triad,12376.8,0.032705,0.032533,0.032819
268,float,33554432,8,0,True,Copy,81.8,3.379905,3.280536,3.470147
269,float,33554432,8,0,True,Scale,80.9,3.376753,3.31777,3.445375
270,float,33554432,8,0,True,Add,97.4,4.318345,4.134158,4.423554
271,float,33554432,8,0,True,Triad,97.1,4.329169,4.147987,4.424304
272,float,33554432,16,0,False,Copy,11217.9,0.024082,0.023929,0.024235
273,float,33554432,16,0,False,Scale,11710.3,0.022998,0.022923,0.02314
274,float,33554432,16,0,False,Add,12739.3,0.031662,0.031607,0.03173
275,float,33554432,16,0,False,Triad,12644.6,0.031897,0.031844,0.03203
276,float,33554432,16,0,True,Copy,81.7,3.379769,3.284543,3.457802
277,float,33554432,16,0,True,Scale,80.8,3.380615,3.32297,3.44594
278,float,33554432,16,0,True,Add,97.3,4.334328,4.140164,4.433765
279,float,33554432,16,0,True,Triad,96.9,4.326168,4.153395,4.429884
280,float,33554432,32,0,False,Copy,11013.2,0.024699,0.024374,0.024967
281,float,33554432,32,0,False,Scale,11360.9,0.023738,0.023628,0.023966
282,float,33554432,32,0,False,Add,12331.7,0.032716,0.032652,0.032827
283,float,33554432,32,0,False,Triad,12334.3,0.0327,0.032645,0.032824
284,float,33554432,32,0,True,Copy,73.5,3.749191,3.653024,3.827784
285,float,33554432,32,0,True,Scale,72.4,3.778445,3.705984,3.88639
286,float,33554432,32,0,True,Add,87.0,4.799986,4.62651,4.890734
287,float,33554432,32,0,True,Triad,86.4,4.82825,4.660801,4.916122
288,float,33554432,64,0,False,Copy,10936.1,0.02482,0.024546,0.025125
289,float,33554432,64,0,False,Scale,11314.9,0.023798,0.023724,0.023869
290,float,33554432,64,0,False,Add,12279.4,0.032887,0.032791,0.033064
291,float,33554432,64,0,False,Triad,12316.9,0.032822,0.032691,0.032938
292,float,33554432,64,0,True,Copy,73.3,3.762754,3.662969,3.841971
293,float,33554432,64,0,True,Scale,72.3,3.78231,3.714907,3.893475
294,float,33554432,64,0,True,Add,86.8,4.817244,4.637592,4.906584
295,float,33554432,64,0,True,Triad,86.3,4.83553,4.664697,4.921578
296,float,33554432,128,0,False,Copy,11017.7,0.024727,0.024364,0.025073
297,float,33554432,128,0,False,Scale,11483.4,0.023447,0.023376,0.023541
298,float,33554432,128,0,False,Add,12364.2,0.03267,0.032566,0.032764
299,float,33554432,128,0,False,Triad,12446.0,0.03242,0.032352,0.032538
300,float,33554432,128,0,True,Copy,72.5,3.790379,3.703538,3.86933
301,float,33554432,128,0,True,Scale,71.6,3.81883,3.748751,3.932346
302,float,33554432,128,0,True,Add,86.1,4.853239,4.676211,4.94037
303,float,33554432,128,0,True,Triad,85.4,4.871236,4.712659,4.949941
304,float,33554432,256,0,False,Copy,10940.5,0.024809,0.024536,0.025201
305,float,33554432,256,0,False,Scale,11204.9,0.024047,0.023957,0.024126
306,float,33554432,256,0,False,Add,12237.6,0.03298,0.032903,0.033164
307,float,33554432,256,0,False,Triad,12246.9,0.032997,0.032878,0.033101
308,float,33554432,256,0,True,Copy,70.5,3.893711,3.806725,3.96818
309,float,33554432,256,0,True,Scale,69.7,3.920593,3.851905,4.022703
310,float,33554432,256,0,True,Add,83.4,5.001548,4.830825,5.085995
311,float,33554432,256,0,True,Triad,82.4,5.033907,4.883665,5.118026
312,float,33554432,512,0,False,Copy,11170.0,0.024301,0.024032,0.024746
313,float,33554432,512,0,False,Scale,11630.7,0.023182,0.02308,0.023331
314,float,33554432,512,0,False,Add,12580.9,0.032099,0.032005,0.032314
315,float,33554432,512,0,False,Triad,12613.7,0.031986,0.031922,0.032094
316,float,33554432,512,0,True,Copy,53.0,5.185261,5.062223,5.289875
317,float,33554432,512,0,True,Scale,52.4,5.21273,5.127151,5.34138
318,float,33554432,512,0,True,Add,60.6,6.83049,6.640482,6.929539
319,float,33554432,512,0,True,Triad,60.2,6.868007,6.685255,6.9505
320,float,67108864,4,0,False,Copy,10868.5,0.049844,0.049397,0.050443
321,float,67108864,4,0,False,Scale,11494.5,0.046851,0.046707,0.047155
322,float,67108864,4,0,False,Add,12260.5,0.065816,0.065683,0.065899
323,float,67108864,4,0,False,Triad,12294.4,0.065869,0.065502,0.066208
324,float,67108864,4,0,True,Copy,82.1,6.735775,6.539292,6.888191
325,float,67108864,4,0,True,Scale,81.1,6.739304,6.619498,6.875061
326,float,67108864,4,0,True,Add,97.7,8.614238,8.245169,8.817747
327,float,67108864,4,0,True,Triad,97.4,8.626282,8.272121,8.827774
328,float,67108864,8,0,False,Copy,10919.6,0.049756,0.049166,0.050366
329,float,67108864,8,0,False,Scale,11404.3,0.047198,0.047076,0.047328
330,float,67108864,8,0,False,Add,12166.9,0.066338,0.066188,0.066623
331,float,67108864,8,0,False,Triad,12204.0,0.066139,0.065987,0.066484
332,float,67108864,8,0,True,Copy,81.6,6.777622,6.581565,6.932045
333,float,67108864,8,0,True,Scale,80.5,6.793722,6.668973,6.929987
334,float,67108864,8,0,True,Add,96.8,8.680457,8.316523,8.885607
335,float,67108864,8,0,True,Triad,96.9,8.665023,8.311267,8.889713
336,float,67108864,16,0,False,Copy,10915.1,0.049882,0.049186,0.050543
337,float,67108864,16,0,False,Scale,11389.6,0.04726,0.047137,0.047485
338,float,67108864,16,0,False,Add,12245.2,0.065894,0.065765,0.066144
339,float,67108864,16,0,False,Triad,12150.8,0.066454,0.066276,0.066875
340,float,67108864,16,0,True,Copy,81.8,6.764898,6.563429,6.93961
341,float,67108864,16,0,True,Scale,80.7,6.767105,6.649432,6.898331
342,float,67108864,16,0,True,Add,97.2,8.648248,8.286552,8.861795
343,float,67108864,16,0,True,Triad,96.4,8.66046,8.352709,8.869971
344,float,67108864,32,0,False,Copy,10836.9,0.049801,0.049541,0.050122
345,float,67108864,32,0,False,Scale,11415.5,0.047166,0.04703,0.047279
346,float,67108864,32,0,False,Add,12192.2,0.066132,0.066051,0.066229
347,float,67108864,32,0,False,Triad,12221.1,0.066099,0.065895,0.066407
348,float,67108864,32,0,True,Copy,73.5,7.498605,7.308722,7.654949
349,float,67108864,32,0,True,Scale,72.5,7.551946,7.407051,7.779225
350,float,67108864,32,0,True,Add,87.2,9.599118,9.237848,9.773236
351,float,67108864,32,0,True,Triad,86.4,9.656167,9.316778,9.831311
352,float,67108864,64,0,False,Copy,10859.5,0.049839,0.049438,0.050433
353,float,67108864,64,0,False,Scale,11374.4,0.047453,0.0472,0.047639
354,float,67108864,64,0,False,Add,12151.9,0.066527,0.06627,0.066717
355,float,67108864,64,0,False,Triad,12169.9,0.066391,0.066172,0.066732
356,float,67108864,64,0,True,Copy,73.2,7.532197,7.338963,7.679916
357,float,67108864,64,0,True,Scale,72.2,7.578796,7.437599,7.807611
358,float,67108864,64,0,True,Add,86.5,9.630444,9.304673,9.794621
359,float,67108864,64,0,True,Triad,86.2,9.672528,9.342557,9.83968
360,float,67108864,128,0,False,Copy,10790.5,0.050246,0.049754,0.050755
361,float,67108864,128,0,False,Scale,11389.4,0.047465,0.047138,0.047758
362,float,67108864,128,0,False,Add,12142.0,0.066603,0.066324,0.067033
363,float,67108864,128,0,False,Triad,12136.7,0.066534,0.066353,0.066867
364,float,67108864,128,0,True,Copy,72.8,7.573945,7.371193,7.733302
365,float,67108864,128,0,True,Scale,71.7,7.629243,7.487859,7.846389
366,float,67108864,128,0,True,Add,86.3,9.696084,9.329007,9.925346
367,float,67108864,128,0,True,Triad,85.9,9.729557,9.375158,9.918316
368,float,67108864,256,0,False,Copy,10861.5,0.050113,0.049429,0.050603
369,float,67108864,256,0,False,Scale,11234.4,0.047854,0.047788,0.047946
370,float,67108864,256,0,False,Add,12026.7,0.067151,0.06696,0.067258
371,float,67108864,256,0,False,Triad,12045.2,0.066998,0.066857,0.067275
372,float,67108864,256,0,True,Copy,70.7,7.773211,7.597928,7.938631
373,float,67108864,256,0,True,Scale,69.7,7.835054,7.700086,8.036861
374,float,67108864,256,0,True,Add,83.6,9.990493,9.631832,10.152838
375,float,67108864,256,0,True,Triad,82.8,10.048804,9.724875,10.217406
376,float,67108864,512,0,False,Copy,10862.1,0.050219,0.049426,0.05096
377,float,67108864,512,0,False,Scale,11228.1,0.04789,0.047815,0.047966
378,float,67108864,512,0,False,Add,12024.2,0.067061,0.066974,0.067283
379,float,67108864,512,0,False,Triad,12077.4,0.066898,0.066679,0.067246
380,float,67108864,512,0,True,Copy,53.4,10.308194,10.050573,10.484537
381,float,67108864,512,0,True,Scale,52.5,10.397857,10.224941,10.632536
382,float,67108864,512,0,True,Add,60.7,13.614516,13.269556,13.806333
383,float,67108864,512,0,True,Triad,60.3,13.688984,13.353276,13.883463
384,float,134217728,4,0,False,Copy,10847.5,0.099804,0.098985,0.100262
385,float,134217728,4,0,False,Scale,11449.3,0.093923,0.093782,0.094065
386,float,134217728,4,0,False,Add,12161.7,0.132777,0.132433,0.13331
387,float,134217728,4,0,False,Triad,12165.7,0.132728,0.13239,0.13302
388,float,134217728,4,0,True,Copy,81.4,13.555884,13.189995,13.858904
389,float,134217728,4,0,True,Scale,80.6,13.558127,13.31713,13.833611
390,float,134217728,4,0,True,Add,97.0,17.343093,16.605491,17.74758
391,float,134217728,4,0,True,Triad,97.0,17.304311,16.605516,17.723739
392,float,134217728,8,0,False,Copy,10724.2,0.101216,0.100123,0.102445
393,float,134217728,8,0,False,Scale,11199.9,0.096145,0.095871,0.096358
394,float,134217728,8,0,False,Add,11904.0,0.135615,0.1353,0.1359
395,float,134217728,8,0,False,Triad,11911.0,0.135505,0.135221,0.13611
396,float,134217728,8,0,True,Copy,81.6,13.550615,13.16305,13.83565
397,float,134217728,8,0,True,Scale,80.5,13.565474,13.341978,13.842214
398,float,134217728,8,0,True,Add,97.0,17.329332,16.599954,17.73695
399,float,134217728,8,0,True,Triad,96.8,17.324597,16.644271,17.745527
400,float,134217728,16,0,False,Copy,10790.9,0.101019,0.099504,0.102803
401,float,134217728,16,0,False,Scale,11441.2,0.094117,0.093849,0.094549
402,float,134217728,16,0,False,Add,12112.1,0.133236,0.132975,0.133439
403,float,134217728,16,0,False,Triad,12144.8,0.132925,0.132617,0.1334
404,float,134217728,16,0,True,Copy,81.4,13.561335,13.188945,13.865951
405,float,134217728,16,0,True,Scale,80.5,13.576588,13.344372,13.863816
406,float,134217728,16,0,True,Add,96.7,17.361657,16.659683,17.755532
407,float,134217728,16,0,True,Triad,96.7,17.372995,16.657479,17.771517
408,float,134217728,32,0,False,Copy,10752.4,0.100673,0.099861,0.102419
409,float,134217728,32,0,False,Scale,11233.1,0.095874,0.095587,0.096158
410,float,134217728,32,0,False,Add,11921.6,0.135308,0.1351,0.135816
411,float,134217728,32,0,False,Triad,11953.6,0.135008,0.134739,0.135606
412,float,134217728,32,0,True,Copy,73.2,15.073585,14.671072,15.403085
413,float,134217728,32,0,True,Scale,72.1,15.190837,14.885924,15.61366
414,float,134217728,32,0,True,Add,86.7,19.333324,18.569458,19.904921
415,float,134217728,32,0,True,Triad,86.2,19.4239,18.694924,20.060279
416,float,134217728,64,0,False,Copy,10690.0,0.101662,0.100444,0.102603
417,float,134217728,64,0,False,Scale,11334.4,0.095002,0.094733,0.095473
418,float,134217728,64,0,False,Add,12041.0,0.134187,0.133761,0.135176
419,float,134217728,64,0,False,Triad,12060.3,0.133949,0.133547,0.134778
420,float,134217728,64,0,True,Copy,72.9,15.104337,14.727535,15.407356
421,float,134217728,64,0,True,Scale,71.6,15.27676,14.987764,15.753831
422,float,134217728,64,0,True,Add,86.4,19.34436,18.636039,19.692707
423,float,134217728,64,0,True,Triad,85.8,19.439492,18.765969,19.795396
424,float,134217728,128,0,False,Copy,10757.5,0.100768,0.099813,0.101778
425,float,134217728,128,0,False,Scale,11341.8,0.094845,0.094671,0.095026
426,float,134217728,128,0,False,Add,12070.3,0.133577,0.133436,0.133903
427,float,134217728,128,0,False,Triad,12099.0,0.133514,0.13312,0.133889
428,float,134217728,128,0,True,Copy,72.4,15.208482,14.823163,15.530751
429,float,134217728,128,0,True,Scale,71.4,15.327454,15.045897,15.775423
430,float,134217728,128,0,True,Add,85.8,19.445306,18.764956,19.818024
431,float,134217728,128,0,True,Triad,85.7,19.475465,18.785614,19.843075
432,float,134217728,256,0,False,Copy,10837.2,0.100399,0.099079,0.101731
433,float,134217728,256,0,False,Scale,11285.9,0.095268,0.09514,0.095437
434,float,134217728,256,0,False,Add,12009.6,0.134419,0.134111,0.134861
435,float,134217728,256,0,False,Triad,12036.8,0.134076,0.133807,0.134605
436,float,134217728,256,0,True,Copy,70.3,15.617944,15.269821,15.932066
437,float,134217728,256,0,True,Scale,69.5,15.737998,15.455748,16.149765
438,float,134217728,256,0,True,Add,83.0,20.060627,19.394446,20.394668
439,float,134217728,256,0,True,Triad,82.5,20.139075,19.51964,20.443141
440,float,134217728,512,0,False,Copy,10930.8,0.099506,0.098231,0.10102
441,float,134217728,512,0,False,Scale,11473.9,0.093731,0.093581,0.094075
442,float,134217728,512,0,False,Add,12171.5,0.132547,0.132326,0.132776
443,float,134217728,512,0,False,Triad,12206.6,0.13233,0.131946,0.132691
444,float,134217728,512,0,True,Copy,53.1,20.717019,20.219325,21.03523
445,float,134217728,512,0,True,Scale,52.5,20.851617,20.466812,21.419956
446,float,134217728,512,0,True,Add,60.5,27.317062,26.608478,27.687023
447,float,134217728,512,0,True,Triad,60.3,27.432171,26.72056,27.78811
448,float,268435456,4,0,False,Copy,10700.6,0.202234,0.200689,0.204277
449,float,268435456,4,0,False,Scale,11343.0,0.189767,0.189323,0.190702
450,float,268435456,4,0,False,Add,11991.7,0.268885,0.268622,0.269395
451,float,268435456,4,0,False,Triad,12034.7,0.268357,0.267661,0.269289
452,float,268435456,4,0,True,Copy,81.6,27.095819,26.317517,27.697228
453,float,268435456,4,0,True,Scale,80.6,27.102538,26.64822,27.672705
454,float,268435456,4,0,True,Add,97.1,34.644842,33.178255,35.394461
455,float,268435456,4,0,True,Triad,96.8,34.662391,33.281725,35.397625
456,float,268435456,8,0,False,Copy,10724.1,0.203181,0.200249,0.204824
457,float,268435456,8,0,False,Scale,11206.6,0.192,0.191626,0.19288
458,float,268435456,8,0,False,Add,11870.4,0.271871,0.271367,0.272596
459,float,268435456,8,0,False,Triad,11900.9,0.271215,0.27067,0.27182
460,float,268435456,8,0,True,Copy,80.8,27.310749,26.584293,27.920846
461,float,268435456,8,0,True,Scale,79.8,27.345532,26.902227,27.904602
462,float,268435456,8,0,True,Add,95.7,34.933649,33.655728,35.722492
463,float,268435456,8,0,True,Triad,95.6,34.895051,33.678667,35.812866
464,float,268435456,16,0,False,Copy,10714.4,0.202219,0.200429,0.203903
465,float,268435456,16,0,False,Scale,11365.7,0.189401,0.188944,0.189785
466,float,268435456,16,0,False,Add,12092.2,0.266909,0.266388,0.267411
467,float,268435456,16,0,False,Triad,11998.1,0.269135,0.268479,0.270009
468,float,268435456,16,0,True,Copy,81.5,27.115071,26.35253,27.747031
469,float,268435456,16,0,True,Scale,80.6,27.119731,26.638703,27.731317
470,float,268435456,16,0,True,Add,96.9,34.667887,33.249912,35.476059
471,float,268435456,16,0,True,Triad,96.7,34.651337,33.307443,35.518717
472,float,268435456,32,0,False,Copy,10685.9,0.20258,0.200965,0.204577
473,float,268435456,32,0,False,Scale,11211.0,0.191844,0.191552,0.192359
474,float,268435456,32,0,False,Add,11861.2,0.271836,0.271576,0.272847
475,float,268435456,32,0,False,Triad,11878.6,0.271679,0.271179,0.2723
476,float,268435456,32,0,True,Copy,73.0,30.134039,29.404265,30.760283
477,float,268435456,32,0,True,Scale,72.1,30.369276,29.783365,31.291928
478,float,268435456,32,0,True,Add,86.6,38.614185,37.192341,39.360262
479,float,268435456,32,0,True,Triad,86.1,38.73396,37.40856,39.430183
480,float,268435456,64,0,False,Copy,10682.1,0.20275,0.201036,0.205276
481,float,268435456,64,0,False,Scale,11364.4,0.189839,0.188966,0.190733
482,float,268435456,64,0,False,Add,11991.9,0.269152,0.268618,0.26998
483,float,268435456,64,0,False,Triad,12026.4,0.268813,0.267846,0.269851
484,float,268435456,64,0,True,Copy,72.9,30.228163,29.47751,30.844491
485,float,268435456,64,0,True,Scale,71.9,30.425983,29.858086,31.309776
486,float,268435456,64,0,True,Add,86.3,38.715468,37.304402,39.42728
487,float,268435456,64,0,True,Triad,86.1,38.858826,37.429172,39.490073
488,float,268435456,128,0,False,Copy,10682.1,0.203339,0.201036,0.206482
489,float,268435456,128,0,False,Scale,11342.0,0.190069,0.189339,0.190627
490,float,268435456,128,0,False,Add,11986.7,0.269336,0.268734,0.270778
491,float,268435456,128,0,False,Triad,12010.2,0.268987,0.268207,0.270949
492,float,268435456,128,0,True,Copy,72.5,30.399676,29.632934,31.100316
493,float,268435456,128,0,True,Scale,71.4,30.648688,30.071499,31.495799
494,float,268435456,128,0,True,Add,85.8,38.988431,37.558753,39.828661
495,float,268435456,128,0,True,Triad,85.6,39.094034,37.648552,40.115953
496,float,268435456,256,0,False,Copy,10718.1,0.201591,0.20036,0.203043
497,float,268435456,256,0,False,Scale,11336.5,0.189787,0.189431,0.190325
498,float,268435456,256,0,False,Add,12016.2,0.268512,0.268073,0.268919
499,float,268435456,256,0,False,Triad,12011.6,0.268754,0.268176,0.26947
500,float,268435456,256,0,True,Copy,70.6,31.100898,30.419229,31.67754
501,float,268435456,256,0,True,Scale,69.8,31.317088,30.774325,32.148366
502,float,268435456,256,0,True,Add,83.5,39.983525,38.578273,40.611951
503,float,268435456,256,0,True,Triad,82.8,40.126441,38.895602,40.744774
504,float,268435456,512,0,False,Copy,10838.1,0.199555,0.198142,0.20144
505,float,268435456,512,0,False,Scale,11477.7,0.187434,0.187101,0.188111
506,float,268435456,512,0,False,Add,12118.8,0.266115,0.265803,0.266372
507,float,268435456,512,0,False,Triad,12142.8,0.265957,0.265279,0.266638
508,float,268435456,512,0,True,Copy,53.3,41.258496,40.287183,41.969615
509,float,268435456,512,0,True,Scale,52.6,41.511908,40.799396,42.642238
510,float,268435456,512,0,True,Add,60.5,54.538174,53.199927,55.271521
511,float,268435456,512,0,True,Triad,60.4,54.740931,53.342433,55.459871
512,float,536870912,4,0,False,Copy,10827.4,0.399997,0.396674,0.403561
513,float,536870912,4,0,False,Scale,11497.7,0.374167,0.373551,0.375469
514,float,536870912,4,0,False,Add,12147.9,0.531059,0.530335,0.532531
515,float,536870912,4,0,False,Triad,12159.6,0.530557,0.529823,0.531558
516,float,536870912,4,0,True,Copy,81.2,54.519648,52.901994,55.67435
517,float,536870912,4,0,True,Scale,80.2,54.57997,53.551079,55.582933
518,float,536870912,4,0,True,Add,96.6,69.760515,66.71274,71.291985
519,float,536870912,4,0,True,Triad,96.3,69.695256,66.888953,71.291584
520,float,536870912,8,0,False,Copy,10708.6,0.404253,0.401078,0.40649
521,float,536870912,8,0,False,Scale,11291.8,0.381522,0.380363,0.384392
522,float,536870912,8,0,False,Add,11963.0,0.539686,0.538531,0.541503
523,float,536870912,8,0,False,Triad,11920.0,0.541701,0.540472,0.545156
524,float,536870912,8,0,True,Copy,81.5,54.193693,52.673319,55.380895
525,float,536870912,8,0,True,Scale,80.5,54.238794,53.341866,55.360051
526,float,536870912,8,0,True,Add,96.8,69.375819,66.528086,70.956978
527,float,536870912,8,0,True,Triad,96.8,69.310564,66.526862,70.999324
528,float,536870912,16,0,False,Copy,10641.2,0.404956,0.403618,0.406546
529,float,536870912,16,0,False,Scale,11195.4,0.384468,0.383636,0.388253
530,float,536870912,16,0,False,Add,11874.2,0.543673,0.542559,0.546413
531,float,536870912,16,0,False,Triad,11859.2,0.544167,0.543244,0.545212
532,float,536870912,16,0,True,Copy,81.5,54.201982,52.705655,55.431073
533,float,536870912,16,0,True,Scale,80.5,54.301711,53.380024,55.436609
534,float,536870912,16,0,True,Add,96.9,69.398843,66.456973,71.102709
535,float,536870912,16,0,True,Triad,96.8,69.318663,66.562913,70.977602
536,float,536870912,32,0,False,Copy,10746.9,0.402418,0.399648,0.40395
537,float,536870912,32,0,False,Scale,11372.0,0.378433,0.37768,0.380303
538,float,536870912,32,0,False,Add,12027.9,0.536277,0.535626,0.537504
539,float,536870912,32,0,False,Triad,12044.3,0.535676,0.534895,0.537183
540,float,536870912,32,0,True,Copy,73.1,60.264846,58.73254,61.535538
541,float,536870912,32,0,True,Scale,72.0,60.770971,59.633564,62.572259
542,float,536870912,32,0,True,Add,86.7,77.183077,74.272948,78.605726
543,float,536870912,32,0,True,Triad,86.2,77.517538,74.73267,78.865108
544,float,536870912,64,0,False,Copy,10672.9,0.404892,0.402417,0.406837
545,float,536870912,64,0,False,Scale,11335.5,0.379551,0.378896,0.380717
546,float,536870912,64,0,False,Add,11989.4,0.538121,0.537344,0.540509
547,float,536870912,64,0,False,Triad,11988.4,0.538288,0.537389,0.539495
548,float,536870912,64,0,True,Copy,72.4,60.759954,59.284615,61.904587
549,float,536870912,64,0,True,Scale,71.8,60.982542,59.852395,62.819478
550,float,536870912,64,0,True,Add,85.9,77.770549,75.009907,79.092514
551,float,536870912,64,0,True,Triad,85.1,78.377078,75.721931,79.649137
552,float,536870912,128,0,False,Copy,10718.0,0.404402,0.400726,0.407033
553,float,536870912,128,0,False,Scale,11339.5,0.380065,0.378762,0.381345
554,float,536870912,128,0,False,Add,12048.0,0.535688,0.534731,0.538664
555,float,536870912,128,0,False,Triad,11932.4,0.540601,0.539914,0.542124
556,float,536870912,128,0,True,Copy,71.5,61.52199,60.033804,63.256425
557,float,536870912,128,0,True,Scale,71.0,61.771772,60.46644,63.509319
558,float,536870912,128,0,True,Add,84.8,78.61742,75.973054,80.080411
559,float,536870912,128,0,True,Triad,84.2,78.845455,76.557837,80.535416
560,float,536870912,256,0,False,Copy,10658.6,0.405121,0.402959,0.40618
561,float,536870912,256,0,False,Scale,11238.0,0.382644,0.382184,0.384255
562,float,536870912,256,0,False,Add,11878.8,0.542981,0.542347,0.545113
563,float,536870912,256,0,False,Triad,11879.8,0.542797,0.542302,0.543988
564,float,536870912,256,0,True,Copy,70.5,62.336536,60.924515,63.480474
565,float,536870912,256,0,True,Scale,69.4,62.954067,61.844606,64.588948
566,float,536870912,256,0,True,Add,83.2,80.177739,77.454043,81.550991
567,float,536870912,256,0,True,Triad,82.7,80.50847,77.931325,81.776568
568,float,536870912,512,0,False,Copy,10656.7,0.405046,0.403031,0.407118
569,float,536870912,512,0,False,Scale,11219.3,0.383545,0.382818,0.384811
570,float,536870912,512,0,False,Add,11878.5,0.543286,0.542364,0.54466
571,float,536870912,512,0,False,Triad,11890.5,0.542585,0.541813,0.543696
572,float,536870912,512,0,True,Copy,52.9,83.379549,81.147624,84.93256
573,float,536870912,512,0,True,Scale,52.3,83.927379,82.105184,85.820882
574,float,536870912,512,0,True,Add,60.3,110.03437,106.799556,111.538435
575,float,536870912,512,0,True,Triad,60.1,110.281063,107.157703,111.625646
576,double,1048576,4,0,False,Copy,17756.4,0.000965,0.000945,0.00099
577,double,1048576,4,0,False,Scale,15462.3,0.001096,0.001085,0.001122
578,double,1048576,4,0,False,Add,24501.7,0.001076,0.001027,0.001127
579,double,1048576,4,0,False,Triad,25495.9,0.001023,0.000987,0.001065
580,double,1048576,4,0,True,Copy,171.4,0.101524,0.097865,0.103956
581,double,1048576,4,0,True,Scale,171.8,0.101776,0.097654,0.106729
582,double,1048576,4,0,True,Add,201.6,0.130421,0.124858,0.134298
583,double,1048576,4,0,True,Triad,198.7,0.132343,0.126662,0.135096
584,double,1048576,8,0,False,Copy,17050.8,0.000999,0.000984,0.001035
585,double,1048576,8,0,False,Scale,15294.2,0.001102,0.001097,0.001128
586,double,1048576,8,0,False,Add,22837.1,0.001114,0.001102,0.001143
587,double,1048576,8,0,False,Triad,24293.0,0.001054,0.001036,0.001073
588,double,1048576,8,0,True,Copy,170.5,0.101204,0.098386,0.102817
589,double,1048576,8,0,True,Scale,172.4,0.101472,0.097304,0.105304
590,double,1048576,8,0,True,Add,202.1,0.130109,0.124538,0.13287
591,double,1048576,8,0,True,Triad,197.7,0.131971,0.127312,0.134937
592,double,1048576,16,0,False,Copy,18339.5,0.000926,0.000915,0.000944
593,double,1048576,16,0,False,Scale,15606.3,0.0011,0.001075,0.001148
594,double,1048576,16,0,False,Add,25545.3,0.001011,0.000985,0.001036
595,double,1048576,16,0,False,Triad,25757.2,0.000984,0.000977,0.000999
596,double,1048576,16,0,True,Copy,171.7,0.101276,0.097695,0.103175
597,double,1048576,16,0,True,Scale,171.5,0.101583,0.09783,0.104996
598,double,1048576,16,0,True,Add,202.2,0.130142,0.12445,0.133086
599,double,1048576,16,0,True,Triad,198.7,0.131883,0.126683,0.134598
600,double,1048576,32,0,False,Copy,17565.8,0.000963,0.000955,0.000979
601,double,1048576,32,0,False,Scale,15280.9,0.001102,0.001098,0.001105
602,double,1048576,32,0,False,Add,24082.4,0.001066,0.001045,0.001109
603,double,1048576,32,0,False,Triad,24748.7,0.001031,0.001017,0.001068
604,double,1048576,32,0,True,Copy,86.8,0.196391,0.193232,0.203154
605,double,1048576,32,0,True,Scale,87.3,0.196717,0.192224,0.203209
606,double,1048576,32,0,True,Add,102.8,0.250317,0.244764,0.254086
607,double,1048576,32,0,True,Triad,102.0,0.252643,0.246718,0.257136
608,double,1048576,64,0,False,Copy,16304.2,0.001049,0.001029,0.001091
609,double,1048576,64,0,False,Scale,14703.0,0.001161,0.001141,0.001176
610,double,1048576,64,0,False,Add,20475.9,0.001245,0.001229,0.001279
611,double,1048576,64,0,False,Triad,21656.4,0.001179,0.001162,0.001197
612,double,1048576,64,0,True,Copy,79.5,0.214226,0.210907,0.218776
613,double,1048576,64,0,True,Scale,79.4,0.214749,0.211195,0.218509
614,double,1048576,64,0,True,Add,93.7,0.274417,0.268718,0.281143
615,double,1048576,64,0,True,Triad,92.9,0.276039,0.270973,0.28354
616,double,1048576,128,0,False,Copy,17353.6,0.000974,0.000967,0.00101
617,double,1048576,128,0,False,Scale,15408.1,0.001094,0.001089,0.001101
618,double,1048576,128,0,False,Add,22292.1,0.001143,0.001129,0.001182
619,double,1048576,128,0,False,Triad,23810.8,0.001073,0.001057,0.001112
620,double,1048576,128,0,True,Copy,79.0,0.216357,0.212316,0.219384
621,double,1048576,128,0,True,Scale,78.8,0.216022,0.212784,0.219766
622,double,1048576,128,0,True,Add,93.4,0.276784,0.269494,0.289601
623,double,1048576,128,0,True,Triad,92.5,0.277534,0.272003,0.282459
624,double,1048576,256,0,False,Copy,16383.9,0.001039,0.001024,0.00105
625,double,1048576,256,0,False,Scale,15237.9,0.001121,0.001101,0.001145
626,double,1048576,256,0,False,Add,20729.2,0.001235,0.001214,0.001257
627,double,1048576,256,0,False,Triad,21999.4,0.001161,0.001144,0.00118
628,double,1048576,256,0,True,Copy,78.4,0.217911,0.214102,0.222192
629,double,1048576,256,0,True,Scale,78.3,0.217541,0.214267,0.221025
630,double,1048576,256,0,True,Add,92.2,0.278031,0.272949,0.284825
631,double,1048576,256,0,True,Triad,91.2,0.28065,0.275865,0.287671
632,double,1048576,512,0,False,Copy,16862.9,0.001012,0.000995,0.001027
633,double,1048576,512,0,False,Scale,14965.7,0.001138,0.001121,0.001161
634,double,1048576,512,0,False,Add,22510.8,0.001138,0.001118,0.001165
635,double,1048576,512,0,False,Triad,23519.0,0.001092,0.00107,0.001125
636,double,1048576,512,0,True,Copy,67.3,0.253349,0.249124,0.257666
637,double,1048576,512,0,True,Scale,66.9,0.254357,0.250766,0.258097
638,double,1048576,512,0,True,Add,77.3,0.331183,0.325559,0.339265
639,double,1048576,512,0,True,Triad,76.6,0.334137,0.328681,0.339119
640,double,4194304,4,0,False,Copy,12336.2,0.005552,0.00544,0.005707
641,double,4194304,4,0,False,Scale,11638.9,0.005794,0.005766,0.005832
642,double,4194304,4,0,False,Add,13886.3,0.007276,0.007249,0.00732
643,double,4194304,4,0,False,Triad,14037.7,0.00721,0.007171,0.007281
644,double,4194304,4,0,True,Copy,171.2,0.405565,0.392015,0.412295
645,double,4194304,4,0,True,Scale,172.4,0.406608,0.389232,0.424647
646,double,4194304,4,0,True,Add,202.1,0.52106,0.497966,0.531939
647,double,4194304,4,0,True,Triad,198.5,0.528654,0.507003,0.539971
648,double,4194304,8,0,False,Copy,12137.8,0.005598,0.005529,0.005697
649,double,4194304,8,0,False,Scale,11724.2,0.005764,0.005724,0.005826
650,double,4194304,8,0,False,Add,13977.3,0.007222,0.007202,0.007296
651,double,4194304,8,0,False,Triad,14155.9,0.007142,0.007111,0.007168
652,double,4194304,8,0,True,Copy,170.8,0.405276,0.392994,0.415989
653,double,4194304,8,0,True,Scale,171.8,0.407272,0.390677,0.421653
654,double,4194304,8,0,True,Add,202.0,0.52072,0.498451,0.53292
655,double,4194304,8,0,True,Triad,199.0,0.528175,0.505953,0.541555
656,double,4194304,16,0,False,Copy,12139.9,0.005601,0.005528,0.005738
657,double,4194304,16,0,False,Scale,12206.2,0.005553,0.005498,0.005617
658,double,4194304,16,0,False,Add,14173.9,0.007138,0.007102,0.00718
659,double,4194304,16,0,False,Triad,14317.1,0.007063,0.007031,0.00709
660,double,4194304,16,0,True,Copy,171.0,0.405006,0.392355,0.41323
661,double,4194304,16,0,True,Scale,171.9,0.406299,0.390335,0.421469
662,double,4194304,16,0,True,Add,201.8,0.521082,0.498874,0.532202
663,double,4194304,16,0,True,Triad,198.8,0.528002,0.506268,0.539321
664,double,4194304,32,0,False,Copy,12094.0,0.005611,0.005549,0.005719
665,double,4194304,32,0,False,Scale,11689.6,0.005782,0.005741,0.00586
666,double,4194304,32,0,False,Add,13859.8,0.007308,0.007263,0.007359
667,double,4194304,32,0,False,Triad,13973.6,0.007238,0.007204,0.007287
668,double,4194304,32,0,True,Copy,86.8,0.785971,0.773286,0.79906
669,double,4194304,32,0,True,Scale,87.2,0.786175,0.769528,0.807917
670,double,4194304,32,0,True,Add,103.0,1.002572,0.977487,1.017091
671,double,4194304,32,0,True,Triad,102.1,1.009575,0.985956,1.031897
672,double,4194304,64,0,False,Copy,11869.1,0.00579,0.005654,0.005943
673,double,4194304,64,0,False,Scale,11775.7,0.005769,0.005699,0.005845
674,double,4194304,64,0,False,Add,13744.3,0.007371,0.007324,0.007449
675,double,4194304,64,0,False,Triad,13867.6,0.007315,0.007259,0.007422
676,double,4194304,64,0,True,Copy,79.3,0.858407,0.846166,0.873517
677,double,4194304,64,0,True,Scale,79.3,0.85822,0.845778,0.873114
678,double,4194304,64,0,True,Add,93.7,1.09689,1.074619,1.128062
679,double,4194304,64,0,True,Triad,92.9,1.103622,1.083466,1.127144
680,double,4194304,128,0,False,Copy,11936.5,0.005696,0.005622,0.005801
681,double,4194304,128,0,False,Scale,11900.7,0.005702,0.005639,0.005787
682,double,4194304,128,0,False,Add,13915.1,0.00728,0.007234,0.007317
683,double,4194304,128,0,False,Triad,14096.8,0.007195,0.007141,0.007266
684,double,4194304,128,0,True,Copy,79.0,0.861946,0.849217,0.876764
685,double,4194304,128,0,True,Scale,79.0,0.862621,0.849242,0.884204
686,double,4194304,128,0,True,Add,93.3,1.100061,1.079077,1.127146
687,double,4194304,128,0,True,Triad,92.5,1.1083,1.088219,1.130395
688,double,4194304,256,0,False,Copy,11877.6,0.005771,0.00565,0.005854
689,double,4194304,256,0,False,Scale,12056.7,0.005602,0.005566,0.005643
690,double,4194304,256,0,False,Add,13667.8,0.007396,0.007365,0.007424
691,double,4194304,256,0,False,Triad,13806.4,0.00731,0.007291,0.007345
692,double,4194304,256,0,True,Copy,78.0,0.87266,0.860179,0.889156
693,double,4194304,256,0,True,Scale,78.1,0.873742,0.859307,0.888112
694,double,4194304,256,0,True,Add,91.7,1.117619,1.097222,1.140886
695,double,4194304,256,0,True,Triad,91.0,1.127793,1.106516,1.151507
696,double,4194304,512,0,False,Copy,11983.8,0.005679,0.0056,0.00578
697,double,4194304,512,0,False,Scale,11554.8,0.00586,0.005808,0.005907
698,double,4194304,512,0,False,Add,13603.5,0.007432,0.0074,0.00747
699,double,4194304,512,0,False,Triad,13733.2,0.007373,0.00733,0.007443
700,double,4194304,512,0,True,Copy,65.8,1.033893,1.019255,1.049577
701,double,4194304,512,0,True,Scale,65.9,1.034378,1.018563,1.04881
702,double,4194304,512,0,True,Add,75.9,1.349766,1.326467,1.373762
703,double,4194304,512,0,True,Triad,75.7,1.354927,1.329422,1.374373
704,double,8388608,4,0,False,Copy,11511.8,0.011877,0.011659,0.012085
705,double,8388608,4,0,False,Scale,11704.7,0.011546,0.011467,0.01158
706,double,8388608,4,0,False,Add,13093.5,0.015478,0.015376,0.015572
707,double,8388608,4,0,False,Triad,13102.2,0.015447,0.015366,0.015695
708,double,8388608,4,0,True,Copy,171.0,0.811024,0.785104,0.825306
709,double,8388608,4,0,True,Scale,171.8,0.812323,0.781456,0.841016
710,double,8388608,4,0,True,Add,202.0,1.042255,0.996682,1.063339
711,double,8388608,4,0,True,Triad,198.6,1.057774,1.013675,1.08421
712,double,8388608,8,0,False,Copy,11430.5,0.011902,0.011742,0.012122
713,double,8388608,8,0,False,Scale,11576.4,0.011657,0.011594,0.011707
714,double,8388608,8,0,False,Add,12893.2,0.015693,0.015615,0.016007
715,double,8388608,8,0,False,Triad,13000.6,0.015597,0.015486,0.015815
716,double,8388608,8,0,True,Copy,171.4,0.808862,0.783238,0.824223
717,double,8388608,8,0,True,Scale,172.4,0.811383,0.778642,0.840497
718,double,8388608,8,0,True,Add,202.2,1.040987,0.995719,1.067333
719,double,8388608,8,0,True,Triad,197.1,1.055636,1.021291,1.078883
720,double,8388608,16,0,False,Copy,11549.6,0.011769,0.011621,0.011926
721,double,8388608,16,0,False,Scale,11848.3,0.011379,0.011328,0.011453
722,double,8388608,16,0,False,Add,13128.7,0.015385,0.015335,0.015458
723,double,8388608,16,0,False,Triad,13233.0,0.015273,0.015214,0.01532
724,double,8388608,16,0,True,Copy,170.7,0.810056,0.786071,0.823766
725,double,8388608,16,0,True,Scale,172.1,0.813235,0.780048,0.842595
726,double,8388608,16,0,True,Add,201.8,1.042523,0.997572,1.069372
727,double,8388608,16,0,True,Triad,199.0,1.056202,1.011734,1.077787
728,double,8388608,32,0,False,Copy,11329.2,0.012083,0.011847,0.012386
729,double,8388608,32,0,False,Scale,11615.6,0.011656,0.011555,0.011814
730,double,8388608,32,0,False,Add,12760.7,0.015813,0.015777,0.015878
731,double,8388608,32,0,False,Triad,12849.4,0.015749,0.015668,0.016062
732,double,8388608,32,0,True,Copy,86.9,1.569003,1.544668,1.598171
733,double,8388608,32,0,True,Scale,86.8,1.574266,1.546865,1.616446
734,double,8388608,32,0,True,Add,102.9,2.003102,1.956803,2.034397
735,double,8388608,32,0,True,Triad,102.0,2.01821,1.974395,2.055481
736,double,8388608,64,0,False,Copy,11297.6,0.01212,0.01188,0.012368
737,double,8388608,64,0,False,Scale,11408.2,0.011829,0.011765,0.011909
738,double,8388608,64,0,False,Add,12750.3,0.01583,0.01579,0.01596
739,double,8388608,64,0,False,Triad,12836.5,0.015775,0.015684,0.015885
740,double,8388608,64,0,True,Copy,79.3,1.714655,1.691599,1.743723
741,double,8388608,64,0,True,Scale,79.4,1.71781,1.69064,1.748429
742,double,8388608,64,0,True,Add,93.6,2.192419,2.151846,2.246179
743,double,8388608,64,0,True,Triad,92.9,2.206548,2.16652,2.252354
744,double,8388608,128,0,False,Copy,11341.6,0.012029,0.011834,0.01225
745,double,8388608,128,0,False,Scale,11557.6,0.01167,0.011613,0.011746
746,double,8388608,128,0,False,Add,12866.8,0.015706,0.015647,0.015791
747,double,8388608,128,0,False,Triad,12879.0,0.015716,0.015632,0.015882
748,double,8388608,128,0,True,Copy,79.0,1.725207,1.698376,1.752662
749,double,8388608,128,0,True,Scale,78.7,1.725758,1.70641,1.755237
750,double,8388608,128,0,True,Add,93.1,2.204543,2.163172,2.255691
751,double,8388608,128,0,True,Triad,92.5,2.21901,2.176792,2.265325
752,double,8388608,256,0,False,Copy,11295.8,0.012057,0.011882,0.012246
753,double,8388608,256,0,False,Scale,11407.3,0.011847,0.011766,0.01195
754,double,8388608,256,0,False,Add,12755.9,0.015849,0.015783,0.015966
755,double,8388608,256,0,False,Triad,12779.4,0.015793,0.015754,0.015857
756,double,8388608,256,0,True,Copy,78.2,1.744273,1.717192,1.784278
757,double,8388608,256,0,True,Scale,78.2,1.754736,1.716566,1.833193
758,double,8388608,256,0,True,Add,92.2,2.238246,2.184174,2.388467
759,double,8388608,256,0,True,Triad,91.5,2.244286,2.19946,2.312483
760,double,8388608,512,0,False,Copy,11367.7,0.011995,0.011807,0.012261
761,double,8388608,512,0,False,Scale,11408.2,0.011811,0.011765,0.011856
762,double,8388608,512,0,False,Add,12666.9,0.015964,0.015894,0.016025
763,double,8388608,512,0,False,Triad,12760.9,0.0158,0.015777,0.015844
764,double,8388608,512,0,True,Copy,65.7,2.065992,2.0427,2.101433
765,double,8388608,512,0,True,Scale,65.5,2.065237,2.047934,2.100697
766,double,8388608,512,0,True,Add,76.0,2.701759,2.649285,2.751703
767,double,8388608,512,0,True,Triad,75.6,2.710154,2.662084,2.753966
768,double,16777216,4,0,False,Copy,11111.7,0.024602,0.024158,0.02517
769,double,16777216,4,0,False,Scale,11503.1,0.023458,0.023336,0.023576
770,double,16777216,4,0,False,Add,12452.5,0.032495,0.032335,0.032714
771,double,16777216,4,0,False,Triad,12443.6,0.032475,0.032358,0.032655
772,double,16777216,4,0,True,Copy,171.7,1.613537,1.563528,1.642707
773,double,16777216,4,0,True,Scale,172.7,1.618609,1.55417,1.677295
774,double,16777216,4,0,True,Add,202.7,2.075155,1.986862,2.118527
775,double,16777216,4,0,True,Triad,199.6,2.103153,2.016828,2.146067
776,double,16777216,8,0,False,Copy,11074.1,0.024515,0.02424,0.02464
777,double,16777216,8,0,False,Scale,11518.9,0.023492,0.023304,0.023711
778,double,16777216,8,0,False,Add,12460.3,0.032702,0.032315,0.032961
779,double,16777216,8,0,False,Triad,12515.3,0.032549,0.032173,0.03281
780,double,16777216,8,0,True,Copy,171.0,1.622812,1.57017,1.649943
781,double,16777216,8,0,True,Scale,172.1,1.625547,1.559312,1.684227
782,double,16777216,8,0,True,Add,201.4,2.081435,1.999475,2.126986
783,double,16777216,8,0,True,Triad,198.8,2.112562,2.0256,2.150969
784,double,16777216,16,0,False,Copy,11219.4,0.024379,0.023926,0.024739
785,double,16777216,16,0,False,Scale,11717.4,0.023007,0.022909,0.023227
786,double,16777216,16,0,False,Add,12762.0,0.03165,0.031551,0.03175
787,double,16777216,16,0,False,Triad,12707.2,0.031812,0.031687,0.032217
788,double,16777216,16,0,True,Copy,170.9,1.620952,1.571132,1.649806
789,double,16777216,16,0,True,Scale,172.1,1.625993,1.559948,1.687433
790,double,16777216,16,0,True,Add,201.6,2.087502,1.997595,2.142568
791,double,16777216,16,0,True,Triad,198.9,2.114331,2.024552,2.159642
792,double,16777216,32,0,False,Copy,11075.9,0.024505,0.024236,0.024695
793,double,16777216,32,0,False,Scale,11401.5,0.023621,0.023544,0.02372
794,double,16777216,32,0,False,Add,12381.0,0.032596,0.032522,0.032693
795,double,16777216,32,0,False,Triad,12379.1,0.032658,0.032527,0.032817
796,double,16777216,32,0,True,Copy,86.9,3.137389,3.088474,3.194027
797,double,16777216,32,0,True,Scale,87.3,3.142342,3.075338,3.22889
798,double,16777216,32,0,True,Add,103.1,4.005053,3.907333,4.063598
799,double,16777216,32,0,True,Triad,102.1,4.032366,3.942096,4.096172
800,double,16777216,64,0,False,Copy,10960.5,0.024753,0.024491,0.025035
801,double,16777216,64,0,False,Scale,11371.6,0.023743,0.023606,0.023826
802,double,16777216,64,0,False,Add,12336.6,0.032837,0.032639,0.032963
803,double,16777216,64,0,False,Triad,12368.7,0.032761,0.032554,0.033018
804,double,16777216,64,0,True,Copy,79.6,3.426947,3.373022,3.490518
805,double,16777216,64,0,True,Scale,79.6,3.425972,3.372044,3.49234
806,double,16777216,64,0,True,Add,93.7,4.375564,4.295767,4.482653
807,double,16777216,64,0,True,Triad,93.1,4.403435,4.323696,4.500847
808,double,16777216,128,0,False,Copy,11087.8,0.024554,0.02421,0.025026
809,double,16777216,128,0,False,Scale,11445.2,0.023592,0.023454,0.023765
810,double,16777216,128,0,False,Add,12429.4,0.032481,0.032395,0.032686
811,double,16777216,128,0,False,Triad,12451.8,0.032457,0.032337,0.032725
812,double,16777216,128,0,True,Copy,78.9,3.454968,3.40276,3.511865
813,double,16777216,128,0,True,Scale,78.8,3.455985,3.405335,3.515196
814,double,16777216,128,0,True,Add,93.1,4.411532,4.326967,4.518699
815,double,16777216,128,0,True,Triad,92.4,4.436875,4.355624,4.538874
816,double,16777216,256,0,False,Copy,10997.9,0.024635,0.024408,0.025061
817,double,16777216,256,0,False,Scale,11444.7,0.023548,0.023455,0.023665
818,double,16777216,256,0,False,Add,12368.0,0.032693,0.032556,0.032872
819,double,16777216,256,0,False,Triad,12421.5,0.032586,0.032416,0.032816
820,double,16777216,256,0,True,Copy,78.1,3.489522,3.437582,3.5467
821,double,16777216,256,0,True,Scale,78.1,3.492437,3.438541,3.551064
822,double,16777216,256,0,True,Add,91.9,4.461757,4.37957,4.557232
823,double,16777216,256,0,True,Triad,91.2,4.489986,4.414104,4.585102
824,double,16777216,512,0,False,Copy,11163.9,0.02426,0.024045,0.024512
825,double,16777216,512,0,False,Scale,11592.0,0.023244,0.023157,0.023402
826,double,16777216,512,0,False,Add,12551.1,0.032235,0.032081,0.032548
827,double,16777216,512,0,False,Triad,12588.0,0.032058,0.031987,0.032113
828,double,16777216,512,0,True,Copy,65.9,4.128596,4.073666,4.18769
829,double,16777216,512,0,True,Scale,66.2,4.124354,4.057889,4.188962
830,double,16777216,512,0,True,Add,76.1,5.384345,5.291808,5.504031
831,double,16777216,512,0,True,Triad,75.5,5.422303,5.332236,5.504305
832,double,33554432,4,0,False,Copy,10925.3,0.049657,0.04914,0.050185
833,double,33554432,4,0,False,Scale,11459.8,0.046972,0.046848,0.047308
834,double,33554432,4,0,False,Add,12228.1,0.066108,0.065857,0.066836
835,double,33554432,4,0,False,Triad,12251.7,0.065964,0.06573,0.066482
836,double,33554432,4,0,True,Copy,170.7,3.242365,3.145522,3.300993
837,double,33554432,4,0,True,Scale,170.1,3.254513,3.156915,3.328165
838,double,33554432,4,0,True,Add,201.3,4.173884,4.000535,4.258034
839,double,33554432,4,0,True,Triad,198.5,4.240886,4.056603,4.345917
840,double,33554432,8,0,False,Copy,10839.6,0.050003,0.049529,0.050555
841,double,33554432,8,0,False,Scale,11435.2,0.047419,0.046949,0.04774
842,double,33554432,8,0,False,Add,12144.2,0.066715,0.066312,0.067122
843,double,33554432,8,0,False,Triad,12236.1,0.066675,0.065814,0.06727
844,double,33554432,8,0,True,Copy,170.9,3.239762,3.142076,3.295157
845,double,33554432,8,0,True,Scale,171.9,3.253535,3.123539,3.368925
846,double,33554432,8,0,True,Add,201.5,4.168427,3.995809,4.259017
847,double,33554432,8,0,True,Triad,198.8,4.223888,4.050531,4.309832
848,double,33554432,16,0,False,Copy,10831.0,0.049872,0.049568,0.050621
849,double,33554432,16,0,False,Scale,11388.4,0.047355,0.047142,0.047646
850,double,33554432,16,0,False,Add,12167.7,0.066534,0.066184,0.067118
851,double,33554432,16,0,False,Triad,12171.8,0.06634,0.066162,0.066506
852,double,33554432,16,0,True,Copy,170.5,3.245613,3.148359,3.304574
853,double,33554432,16,0,True,Scale,171.9,3.254744,3.122992,3.375338
854,double,33554432,16,0,True,Add,201.2,4.181562,4.003369,4.269128
855,double,33554432,16,0,True,Triad,198.5,4.234823,4.056632,4.326415
856,double,33554432,32,0,False,Copy,10812.7,0.050209,0.049652,0.050819
857,double,33554432,32,0,False,Scale,11378.9,0.047281,0.047181,0.047459
858,double,33554432,32,0,False,Add,12151.0,0.066368,0.066275,0.066443
859,double,33554432,32,0,False,Triad,12181.5,0.066358,0.066109,0.066699
860,double,33554432,32,0,True,Copy,87.0,6.274039,6.170243,6.391601
861,double,33554432,32,0,True,Scale,87.3,6.283689,6.147805,6.46001
862,double,33554432,32,0,True,Add,103.1,8.008042,7.812244,8.135452
863,double,33554432,32,0,True,Triad,102.3,8.065085,7.872315,8.193824
864,double,33554432,64,0,False,Copy,10841.9,0.049946,0.049518,0.050504
865,double,33554432,64,0,False,Scale,11326.7,0.04752,0.047399,0.047698
866,double,33554432,64,0,False,Add,12119.5,0.066632,0.066447,0.066999
867,double,33554432,64,0,False,Triad,12151.9,0.066579,0.06627,0.066925
868,double,33554432,64,0,True,Copy,79.4,6.866624,6.765383,6.977904
869,double,33554432,64,0,True,Scale,79.3,6.870306,6.768739,6.992246
870,double,33554432,64,0,True,Add,93.5,8.7837,8.612368,8.990769
871,double,33554432,64,0,True,Triad,92.9,8.848636,8.672573,9.043227
872,double,33554432,128,0,False,Copy,10884.8,0.050094,0.049323,0.050467
873,double,33554432,128,0,False,Scale,11405.6,0.047222,0.047071,0.047422
874,double,33554432,128,0,False,Add,12169.2,0.066399,0.066176,0.067
875,double,33554432,128,0,False,Triad,12236.3,0.066076,0.065813,0.066426
876,double,33554432,128,0,True,Copy,78.9,6.894496,6.804402,7.011272
877,double,33554432,128,0,True,Scale,78.9,6.908061,6.803972,7.02783
878,double,33554432,128,0,True,Add,93.0,8.816908,8.658582,9.021583
879,double,33554432,128,0,True,Triad,92.4,8.874923,8.713344,9.056929
880,double,33554432,256,0,False,Copy,10868.4,0.050005,0.049397,0.050767
881,double,33554432,256,0,False,Scale,11375.6,0.047391,0.047195,0.047636
882,double,33554432,256,0,False,Add,12170.3,0.066508,0.06617,0.066741
883,double,33554432,256,0,False,Triad,12190.0,0.0663,0.066063,0.066449
884,double,33554432,256,0,True,Copy,77.8,7.005975,6.903251,7.184979
885,double,33554432,256,0,True,Scale,77.8,7.003832,6.904633,7.164429
886,double,33554432,256,0,True,Add,91.9,8.944528,8.766065,9.224593
887,double,33554432,256,0,True,Triad,91.2,9.000266,8.825348,9.283593
888,double,33554432,512,0,False,Copy,10937.1,0.049648,0.049087,0.050269
889,double,33554432,512,0,False,Scale,11527.1,0.046748,0.046575,0.046923
890,double,33554432,512,0,False,Add,12329.2,0.065655,0.065317,0.066125
891,double,33554432,512,0,False,Triad,12352.8,0.065476,0.065192,0.065872
892,double,33554432,512,0,True,Copy,65.9,8.259809,8.151584,8.372723
893,double,33554432,512,0,True,Scale,65.8,8.261682,8.1549,8.378386
894,double,33554432,512,0,True,Add,75.9,10.783534,10.616997,11.020597
895,double,33554432,512,0,True,Triad,75.4,10.859101,10.679156,11.055889
896,double,67108864,4,0,False,Copy,10866.2,0.09995,0.098815,0.10111
897,double,67108864,4,0,False,Scale,11546.5,0.093119,0.092993,0.093316
898,double,67108864,4,0,False,Add,12205.8,0.132331,0.131955,0.132736
899,double,67108864,4,0,False,Triad,12246.5,0.131822,0.131516,0.132152
900,double,67108864,4,0,True,Copy,170.6,6.483845,6.29405,6.595818
901,double,67108864,4,0,True,Scale,172.0,6.506596,6.241125,6.749971
902,double,67108864,4,0,True,Add,201.8,8.336068,7.980139,8.529842
903,double,67108864,4,0,True,Triad,198.7,8.448749,8.104277,8.621764
904,double,67108864,8,0,False,Copy,10896.4,0.10004,0.098541,0.101099
905,double,67108864,8,0,False,Scale,11438.8,0.094044,0.093868,0.09431
906,double,67108864,8,0,False,Add,12147.0,0.13288,0.132594,0.133211
907,double,67108864,8,0,False,Triad,12142.5,0.132819,0.132643,0.13333
908,double,67108864,8,0,True,Copy,170.2,6.50297,6.309556,6.617057
909,double,67108864,8,0,True,Scale,171.7,6.512297,6.251824,6.751327
910,double,67108864,8,0,True,Add,200.9,8.370676,8.015542,8.547757
911,double,67108864,8,0,True,Triad,198.4,8.46642,8.119488,8.646377
912,double,67108864,16,0,False,Copy,10982.5,0.098931,0.097768,0.100892
913,double,67108864,16,0,False,Scale,11595.0,0.092735,0.092604,0.092918
914,double,67108864,16,0,False,Add,12270.9,0.13162,0.131255,0.1319
915,double,67108864,16,0,False,Triad,12334.1,0.131068,0.130582,0.131804
916,double,67108864,16,0,True,Copy,170.5,6.487079,6.298811,6.597138
917,double,67108864,16,0,True,Scale,171.8,6.511833,6.250299,6.75588
918,double,67108864,16,0,True,Add,201.5,8.342221,7.992416,8.518831
919,double,67108864,16,0,True,Triad,198.6,8.46187,8.109723,8.63728
920,double,67108864,32,0,False,Copy,10801.6,0.100468,0.099406,0.10197
921,double,67108864,32,0,False,Scale,11412.5,0.094285,0.094085,0.094661
922,double,67108864,32,0,False,Add,12101.0,0.13347,0.133097,0.134129
923,double,67108864,32,0,False,Triad,12144.1,0.132945,0.132625,0.133726
924,double,67108864,32,0,True,Copy,86.9,12.55148,12.34982,12.794103
925,double,67108864,32,0,True,Scale,87.3,12.568305,12.305657,12.913721
926,double,67108864,32,0,True,Add,103.0,16.018046,15.640016,16.26619
927,double,67108864,32,0,True,Triad,102.2,16.133089,15.75775,16.398031
928,double,67108864,64,0,False,Copy,10701.7,0.101181,0.100334,0.101861
929,double,67108864,64,0,False,Scale,11254.9,0.095708,0.095402,0.095965
930,double,67108864,64,0,False,Add,11962.3,0.134874,0.134641,0.135184
931,double,67108864,64,0,False,Triad,11947.5,0.135103,0.134808,0.135755
932,double,67108864,64,0,True,Copy,79.4,13.73123,13.527428,13.96902
933,double,67108864,64,0,True,Scale,79.3,13.736817,13.539516,13.976566
934,double,67108864,64,0,True,Add,93.5,17.578501,17.234857,17.986336
935,double,67108864,64,0,True,Triad,92.8,17.673396,17.351073,18.101666
936,double,67108864,128,0,False,Copy,10917.9,0.09928,0.098347,0.100419
937,double,67108864,128,0,False,Scale,11541.4,0.093196,0.093034,0.093653
938,double,67108864,128,0,False,Add,12242.9,0.131875,0.131555,0.132335
939,double,67108864,128,0,False,Triad,12216.0,0.132204,0.131844,0.132674
940,double,67108864,128,0,True,Copy,78.9,13.805141,13.605061,14.041377
941,double,67108864,128,0,True,Scale,79.0,13.802977,13.584473,14.034453
942,double,67108864,128,0,True,Add,93.1,17.635411,17.3063,18.040695
943,double,67108864,128,0,True,Triad,92.4,17.766285,17.438013,18.123839
944,double,67108864,256,0,False,Copy,10981.9,0.099602,0.097774,0.100862
945,double,67108864,256,0,False,Scale,11663.5,0.092289,0.09206,0.092743
946,double,67108864,256,0,False,Add,12339.3,0.130762,0.130527,0.131017
947,double,67108864,256,0,False,Triad,12354.7,0.130658,0.130364,0.130988
948,double,67108864,256,0,True,Copy,77.9,14.013352,13.79073,14.218778
949,double,67108864,256,0,True,Scale,77.9,14.022319,13.786409,14.222286
950,double,67108864,256,0,True,Add,92.1,17.929385,17.490633,18.258939
951,double,67108864,256,0,True,Triad,91.2,18.016168,17.653988,18.304939
952,double,67108864,512,0,False,Copy,10908.0,0.099568,0.098436,0.100692
953,double,67108864,512,0,False,Scale,11542.6,0.093239,0.093024,0.09378
954,double,67108864,512,0,False,Add,12220.1,0.132182,0.1318,0.132505
955,double,67108864,512,0,False,Triad,12237.9,0.131942,0.131609,0.132297
956,double,67108864,512,0,True,Copy,66.1,16.48447,16.255066,16.752059
957,double,67108864,512,0,True,Scale,66.0,16.542971,16.271999,16.78581
958,double,67108864,512,0,True,Add,76.0,21.529862,21.189514,22.055754
959,double,67108864,512,0,True,Triad,75.7,21.679485,21.286003,22.038191
960,double,134217728,4,0,False,Copy,10685.1,0.202471,0.200979,0.204805
961,double,134217728,4,0,False,Scale,11363.2,0.189622,0.188986,0.190862
962,double,134217728,4,0,False,Add,12032.3,0.268534,0.267715,0.269206
963,double,134217728,4,0,False,Triad,12038.3,0.26859,0.267581,0.269726
964,double,134217728,4,0,True,Copy,169.7,13.010174,12.653032,13.225804
965,double,134217728,4,0,True,Scale,171.2,13.066938,12.544627,13.562305
966,double,134217728,4,0,True,Add,201.3,16.730197,16.003769,17.079177
967,double,134217728,4,0,True,Triad,198.3,16.938831,16.243565,17.319545
968,double,134217728,8,0,False,Copy,10940.2,0.199817,0.196293,0.202732
969,double,134217728,8,0,False,Scale,11632.5,0.185147,0.184611,0.186267
970,double,134217728,8,0,False,Add,12360.8,0.261187,0.260601,0.263049
971,double,134217728,8,0,False,Triad,12264.0,0.263359,0.262657,0.264485
972,double,134217728,8,0,True,Copy,170.5,12.982602,12.595779,13.202718
973,double,134217728,8,0,True,Scale,171.7,13.031141,12.510031,13.532003
974,double,134217728,8,0,True,Add,201.5,16.693219,15.986441,17.050758
975,double,134217728,8,0,True,Triad,198.7,16.896914,16.215156,17.237951
976,double,134217728,16,0,False,Copy,10773.0,0.201837,0.199339,0.205209
977,double,134217728,16,0,False,Scale,11346.3,0.189907,0.189268,0.1904
978,double,134217728,16,0,False,Add,12025.8,0.268545,0.267859,0.268812
979,double,134217728,16,0,False,Triad,12041.3,0.268196,0.267514,0.268688
980,double,134217728,16,0,True,Copy,170.8,12.953111,12.570141,13.177797
981,double,134217728,16,0,True,Scale,172.0,13.003383,12.483523,13.504317
982,double,134217728,16,0,True,Add,201.5,16.671692,15.9852,17.022122
983,double,134217728,16,0,True,Triad,199.1,16.868813,16.176731,17.208345
984,double,134217728,32,0,False,Copy,10765.3,0.201545,0.199482,0.202996
985,double,134217728,32,0,False,Scale,11364.4,0.189254,0.188965,0.189659
986,double,134217728,32,0,False,Add,12128.8,0.265984,0.265585,0.266346
987,double,134217728,32,0,False,Triad,12026.0,0.268445,0.267856,0.268946
988,double,134217728,32,0,True,Copy,86.9,25.121023,24.714434,25.578293
989,double,134217728,32,0,True,Scale,87.4,25.142312,24.572646,25.851013
990,double,134217728,32,0,True,Add,103.0,32.053325,31.263523,32.575029
991,double,134217728,32,0,True,Triad,102.2,32.24946,31.503594,32.769973
992,double,134217728,64,0,False,Copy,10781.3,0.201532,0.199185,0.204027
993,double,134217728,64,0,False,Scale,11380.2,0.189106,0.188704,0.189751
994,double,134217728,64,0,False,Add,12114.3,0.266514,0.265903,0.267809
995,double,134217728,64,0,False,Triad,12016.5,0.26887,0.268067,0.26989
996,double,134217728,64,0,True,Copy,79.3,27.455641,27.07234,27.869756
997,double,134217728,64,0,True,Scale,79.2,27.471815,27.107121,27.923192
998,double,134217728,64,0,True,Add,93.4,35.131579,34.47958,35.905289
999,double,134217728,64,0,True,Triad,92.8,35.355093,34.726328,36.075956
1000,double,134217728,128,0,False,Copy,10652.2,0.202558,0.201599,0.204052
1001,double,134217728,128,0,False,Scale,11273.3,0.190914,0.190493,0.191721
1002,double,134217728,128,0,False,Add,12024.0,0.268643,0.267899,0.269292
1003,double,134217728,128,0,False,Triad,11923.3,0.270873,0.270162,0.271773
1004,double,134217728,128,0,True,Copy,79.0,27.593192,27.195437,28.040841
1005,double,134217728,128,0,True,Scale,78.9,27.603707,27.20684,28.093772
1006,double,134217728,128,0,True,Add,93.1,35.261813,34.597411,36.099565
1007,double,134217728,128,0,True,Triad,92.6,35.473315,34.803754,36.240074
1008,double,134217728,256,0,False,Copy,10864.1,0.19966,0.197668,0.201415
1009,double,134217728,256,0,False,Scale,11624.5,0.185264,0.184738,0.185985
1010,double,134217728,256,0,False,Add,12279.8,0.263032,0.262318,0.264191
1011,double,134217728,256,0,False,Triad,12286.3,0.262648,0.26218,0.263013
1012,double,134217728,256,0,True,Copy,77.8,28.011841,27.596594,28.473667
1013,double,134217728,256,0,True,Scale,77.9,28.020755,27.576997,28.533855
1014,double,134217728,256,0,True,Add,91.2,36.011434,35.327919,36.977117
1015,double,134217728,256,0,True,Triad,91.3,36.019296,35.294635,37.022945
1016,double,134217728,512,0,False,Copy,10818.4,0.201807,0.198502,0.204626
1017,double,134217728,512,0,False,Scale,11450.6,0.188048,0.187543,0.188984
1018,double,134217728,512,0,False,Add,12101.4,0.267205,0.266186,0.26824
1019,double,134217728,512,0,False,Triad,12107.5,0.266872,0.266051,0.268168
1020,double,134217728,512,0,True,Copy,66.2,32.951841,32.455078,33.368871
1021,double,134217728,512,0,True,Scale,66.2,32.874258,32.422196,33.366342
1022,double,134217728,512,0,True,Add,76.1,42.968738,42.310978,43.907523
1023,double,134217728,512,0,True,Triad,75.8,43.188477,42.475692,43.932105
1024,double,268435456,4,0,False,Copy,10727.5,0.402438,0.40037,0.404894
1025,double,268435456,4,0,False,Scale,11411.4,0.377208,0.376376,0.378457
1026,double,268435456,4,0,False,Add,12099.7,0.533676,0.532446,0.534935
1027,double,268435456,4,0,False,Triad,12049.8,0.535304,0.534652,0.536225
1028,double,268435456,4,0,True,Copy,170.1,25.980757,25.24668,26.414887
1029,double,268435456,4,0,True,Scale,171.3,26.057149,25.07613,27.010367
1030,double,268435456,4,0,True,Add,201.2,33.375709,32.015599,34.088912
1031,double,268435456,4,0,True,Triad,198.1,33.845201,32.514167,34.525171
1032,double,268435456,8,0,False,Copy,10951.9,0.397884,0.392166,0.401288
1033,double,268435456,8,0,False,Scale,11619.6,0.370086,0.369632,0.371574
1034,double,268435456,8,0,False,Add,12248.1,0.526891,0.525995,0.52805
1035,double,268435456,8,0,False,Triad,12258.6,0.526445,0.525546,0.527462
1036,double,268435456,8,0,True,Copy,170.5,25.935518,25.183372,26.393128
1037,double,268435456,8,0,True,Scale,171.6,26.037902,25.023862,26.971885
1038,double,268435456,8,0,True,Add,201.5,33.356884,31.979766,34.137125
1039,double,268435456,8,0,True,Triad,198.4,33.813661,32.479681,34.492839
1040,double,268435456,16,0,False,Copy,10677.2,0.40475,0.402256,0.406983
1041,double,268435456,16,0,False,Scale,11345.1,0.379425,0.378574,0.380753
1042,double,268435456,16,0,False,Add,11992.3,0.538134,0.537215,0.539719
1043,double,268435456,16,0,False,Triad,12023.3,0.536949,0.535832,0.538404
1044,double,268435456,16,0,True,Copy,170.8,25.925162,25.151342,26.368513
1045,double,268435456,16,0,True,Scale,171.9,26.01862,24.983191,26.983541
1046,double,268435456,16,0,True,Add,201.5,33.355984,31.972663,34.072986
1047,double,268435456,16,0,True,Triad,198.7,33.801504,32.422972,34.48409
1048,double,268435456,32,0,False,Copy,10667.2,0.40441,0.402632,0.40622
1049,double,268435456,32,0,False,Scale,11395.6,0.378056,0.376898,0.37915
1050,double,268435456,32,0,False,Add,12055.9,0.535455,0.534381,0.537718
1051,double,268435456,32,0,False,Triad,12024.8,0.537814,0.535765,0.543635
1052,double,268435456,32,0,True,Copy,86.8,50.277444,49.495963,51.220759
1053,double,268435456,32,0,True,Scale,87.0,50.463836,49.362563,51.905909
1054,double,268435456,32,0,True,Add,102.7,64.26509,62.733012,65.293365
1055,double,268435456,32,0,True,Triad,101.9,64.71695,63.229273,65.776271
1056,double,268435456,64,0,False,Copy,10752.8,0.402382,0.399428,0.405835
1057,double,268435456,64,0,False,Scale,11354.3,0.379441,0.378269,0.381107
1058,double,268435456,64,0,False,Add,12015.2,0.537045,0.536191,0.538036
1059,double,268435456,64,0,False,Triad,11975.5,0.538988,0.537969,0.540018
1060,double,268435456,64,0,True,Copy,79.3,54.923482,54.129576,55.796814
1061,double,268435456,64,0,True,Scale,79.4,54.93908,54.105231,55.913382
1062,double,268435456,64,0,True,Add,93.4,70.257241,68.945946,71.943139
1063,double,268435456,64,0,True,Triad,92.8,70.735102,69.410211,72.222962
1064,double,268435456,128,0,False,Copy,10577.7,0.407725,0.40604,0.411613
1065,double,268435456,128,0,False,Scale,11235.2,0.383658,0.382279,0.384986
1066,double,268435456,128,0,False,Add,11882.3,0.542881,0.542187,0.544134
1067,double,268435456,128,0,False,Triad,11860.7,0.543993,0.543175,0.545362
1068,double,268435456,128,0,True,Copy,79.0,55.103207,54.373593,55.881993
1069,double,268435456,128,0,True,Scale,79.0,55.097563,54.352743,55.982563
1070,double,268435456,128,0,True,Add,93.2,70.494313,69.110004,72.055584
1071,double,268435456,128,0,True,Triad,92.5,70.945011,69.682327,72.397005
1072,double,268435456,256,0,False,Copy,10674.8,0.404195,0.402346,0.40874
1073,double,268435456,256,0,False,Scale,11439.1,0.376289,0.375463,0.377647
1074,double,268435456,256,0,False,Add,12123.5,0.532468,0.531404,0.533616
1075,double,268435456,256,0,False,Triad,12056.5,0.53497,0.534357,0.53704
1076,double,268435456,256,0,True,Copy,77.1,56.56038,55.700428,59.378324
1077,double,268435456,256,0,True,Scale,77.2,56.359678,55.635005,57.660401
1078,double,268435456,256,0,True,Add,91.4,71.894279,70.511025,74.007577
1079,double,268435456,256,0,True,Triad,90.8,72.276278,70.931423,74.164138
1080,double,268435456,512,0,False,Copy,10738.5,0.403088,0.39996,0.40817
1081,double,268435456,512,0,False,Scale,11380.3,0.378246,0.377403,0.380589
1082,double,268435456,512,0,False,Add,12035.7,0.536389,0.535278,0.537787
1083,double,268435456,512,0,False,Triad,12028.4,0.536579,0.535603,0.538793
1084,double,268435456,512,0,True,Copy,66.3,65.75986,64.769569,66.585299
1085,double,268435456,512,0,True,Scale,66.3,65.778945,64.756516,66.596928
1086,double,268435456,512,0,True,Add,76.1,86.146001,84.709496,87.61012
1087,double,268435456,512,0,True,Triad,75.7,86.564426,85.096627,87.629696
1088,double,536870912,4,0,False,Copy,10648.9,0.808945,0.806652,0.811161
1089,double,536870912,4,0,False,Scale,11315.2,0.760429,0.759152,0.762606
1090,double,536870912,4,0,False,Add,11962.9,1.078656,1.077069,1.081352
1091,double,536870912,4,0,False,Triad,11963.6,1.078128,1.077011,1.080098
1092,double,536870912,4,0,True,Copy,170.1,51.999166,50.509201,52.87888
1093,double,536870912,4,0,True,Scale,171.4,52.140135,50.105178,54.028078
1094,double,536870912,4,0,True,Add,200.5,66.998755,64.258759,68.371248
1095,double,536870912,4,0,True,Triad,198.0,67.776668,65.082154,69.113209
1096,double,536870912,8,0,False,Copy,10681.8,0.809327,0.804163,0.813893
1097,double,536870912,8,0,False,Scale,11261.6,0.764202,0.762764,0.765852
1098,double,536870912,8,0,False,Add,11943.0,1.080862,1.078863,1.083423
1099,double,536870912,8,0,False,Triad,11875.8,1.08603,1.084973,1.087725
1100,double,536870912,8,0,True,Copy,170.0,52.113881,50.541652,52.997324
1101,double,536870912,8,0,True,Scale,171.6,52.051843,50.064735,53.279168
1102,double,536870912,8,0,True,Add,201.0,66.97448,64.119906,68.409076
1103,double,536870912,8,0,True,Triad,198.3,67.82845,64.968156,69.212348
1104,double,536870912,16,0,False,Copy,10762.0,0.803015,0.798171,0.810079
1105,double,536870912,16,0,False,Scale,11471.8,0.750447,0.748786,0.754091
1106,double,536870912,16,0,False,Add,12180.0,1.059945,1.057876,1.0652
1107,double,536870912,16,0,False,Triad,12069.7,1.069028,1.067538,1.070905
1108,double,536870912,16,0,True,Copy,170.8,51.816505,50.294998,52.694654
1109,double,536870912,16,0,True,Scale,172.1,51.989259,49.898953,53.881835
1110,double,536870912,16,0,True,Add,201.9,66.629737,63.803523,68.055546
1111,double,536870912,16,0,True,Triad,198.9,67.541628,64.787127,68.944902
1112,double,536870912,32,0,False,Copy,10664.6,0.808576,0.805459,0.812924
1113,double,536870912,32,0,False,Scale,11200.8,0.767974,0.766907,0.770436
1114,double,536870912,32,0,False,Add,11829.3,1.090029,1.089235,1.09126
1115,double,536870912,32,0,False,Triad,11841.5,1.08969,1.088118,1.092404
1116,double,536870912,32,0,True,Copy,86.9,100.531777,98.850223,102.274133
1117,double,536870912,32,0,True,Scale,87.1,100.873887,98.62826,103.396033
1118,double,536870912,32,0,True,Add,102.8,128.301919,125.33902,130.495829
1119,double,536870912,32,0,True,Triad,102.1,129.191124,126.232346,131.35473
1120,double,536870912,64,0,False,Copy,10739.1,0.802113,0.799874,0.805809
1121,double,536870912,64,0,False,Scale,11465.6,0.750555,0.74919,0.753755
1122,double,536870912,64,0,False,Add,12155.4,1.061716,1.060017,1.063651
1123,double,536870912,64,0,False,Triad,12085.4,1.067133,1.06615,1.068952
1124,double,536870912,64,0,True,Copy,79.3,109.820788,108.313347,111.684176
1125,double,536870912,64,0,True,Scale,79.2,109.836892,108.396603,111.836243
1126,double,536870912,64,0,True,Add,93.6,140.420754,137.709165,143.969943
1127,double,536870912,64,0,True,Triad,92.9,141.353802,138.719175,144.568994
1128,double,536870912,128,0,False,Copy,10676.9,0.807151,0.804538,0.809224
1129,double,536870912,128,0,False,Scale,11328.1,0.760121,0.758284,0.762189
1130,double,536870912,128,0,False,Add,11955.1,1.080737,1.077778,1.083724
1131,double,536870912,128,0,False,Triad,11967.1,1.079596,1.076692,1.083446
1132,double,536870912,128,0,True,Copy,79.1,110.349425,108.572533,112.181247
1133,double,536870912,128,0,True,Scale,79.2,110.366268,108.490264,112.198506
1134,double,536870912,128,0,True,Add,92.9,141.219029,138.673368,144.46237
1135,double,536870912,128,0,True,Triad,92.6,141.955698,139.189025,144.845707
1136,double,536870912,256,0,False,Copy,10804.8,0.802797,0.795009,0.810069
1137,double,536870912,256,0,False,Scale,11597.1,0.743022,0.740694,0.745634
1138,double,536870912,256,0,False,Add,12190.2,1.058745,1.056987,1.06127
1139,double,536870912,256,0,False,Triad,12211.7,1.057127,1.055128,1.058848
1140,double,536870912,256,0,True,Copy,78.3,111.368171,109.761487,113.264893
1141,double,536870912,256,0,True,Scale,78.3,111.371451,109.767523,113.341306
1142,double,536870912,256,0,True,Add,92.2,142.243498,139.72867,145.627913
1143,double,536870912,256,0,True,Triad,91.7,143.152227,140.576711,146.200837
1144,double,536870912,512,0,False,Copy,10765.6,0.804584,0.797903,0.812915
1145,double,536870912,512,0,False,Scale,11421.8,0.753074,0.752066,0.754748
1146,double,536870912,512,0,False,Add,12085.0,1.067114,1.066192,1.068395
1147,double,536870912,512,0,False,Triad,12016.7,1.073377,1.072246,1.07466
1148,double,536870912,512,0,True,Copy,65.2,133.731851,131.74604,136.142108
1149,double,536870912,512,0,True,Scale,64.8,134.292018,132.61436,136.547227
1150,double,536870912,512,0,True,Add,74.8,175.675565,172.326688,179.518013
1151,double,536870912,512,0,True,Triad,74.1,176.785233,173.858327,180.074864
